date,seasonal,trend,residual
2007-06-05,791.6601135289277,8900.654730182243,68.66265628883048
2007-06-06,742.5182234724768,8900.832567654848,-2.9430831273239164
2007-06-07,967.2401693351952,8901.011840467341,19.380907197464694
2007-06-08,873.4604545822104,8901.19254923529,209.9367881825001
2007-06-09,-70.21628278526684,8901.374694079186,142.47638070608082
2007-06-10,-681.9316977523907,8901.558273641927,288.6963411104625
2007-06-11,-249.6078812795859,8901.743284994927,85.02292928465795
2007-06-12,660.2243097741792,8901.929723209576,334.3478420162446
2007-06-13,962.9607765553181,8902.117581919669,411.9881015250139
2007-06-14,1400.448058622286,8902.306852152658,260.4077992250568
2007-06-15,1291.46610566538,8902.497521778658,232.9332525559621
2007-06-16,408.50538074963134,8902.689576245348,281.74421000502116
2007-06-17,91.10326561268924,8902.882998857865,69.59831852944444
2007-06-18,823.2171458550854,8903.077770832495,208.71112531242034
2007-06-19,1324.8140664498835,8903.273872160316,354.65977138979906
2007-06-20,1309.1847543934753,8903.471280967153,281.43729463937234
2007-06-21,1486.211461357311,8903.66997266425,191.04856597844082
2007-06-22,1343.7018264400567,8903.869920249746,318.5928333101965
2007-06-23,691.0362856088113,8904.071094702567,327.6649116886201
2007-06-24,698.7741496190619,8904.273464429383,-46.659697048444286
2007-06-25,1150.989707331825,8904.476995525773,51.77579714240346
2007-06-26,1374.882642111664,8904.681653539674,181.74257434866195
2007-06-27,1649.1276510020928,8904.8874032843,176.73077571360773
2007-06-28,1683.1038572369062,8905.094208062184,83.29026470090866
2007-06-29,1085.03061790194,8905.302029640217,121.18173245784237
2007-06-30,359.2126692051511,8905.510828672444,263.70879412240356
2007-07-01,519.2395658874968,8905.720564450176,0.5063276623277488
2007-07-02,1006.091219496559,8905.93119446979,-13.62762196634867
2007-07-03,779.5919539906525,8906.142675568593,16.68724544075485
2007-07-04,645.1889730868738,8906.35496428076,-49.116854367632186
2007-07-05,1133.0777430403505,8906.568016786188,-175.3088848265379
2007-07-06,905.388462729953,8906.781789346313,99.29266492373608
2007-07-07,145.17541003657735,8906.996238666217,359.20189329720415
2007-07-08,443.3420168298328,8907.211320411074,122.13520475909354
2007-07-09,1324.0735033093895,8907.426987905339,139.48367878527097
2007-07-10,1499.78449663239,8907.643192929205,-31.74018956159489
2007-07-11,1546.7333846002275,8907.859886120455,-99.00764072068341
2007-07-12,1710.184193375793,8908.077017844758,-103.04579122055111
2007-07-13,1580.1705681896933,8908.294538723783,56.81031308652382
2007-07-14,717.2106021990188,8908.512399548812,188.461998252169
2007-07-15,730.0284211435535,8908.730550384364,89.53457047208212
2007-07-16,1707.266147589524,8908.948939878452,250.22533253202528
2007-07-17,1969.7969489973682,8909.167515380199,280.7617856224333
2007-07-18,2005.770367026123,8909.3862222712,177.63278070267734
2007-07-19,2078.2732800170497,8909.605003750323,83.4733862326284
2007-07-20,1774.8487279135995,8909.823801373928,172.96622071247293
2007-07-21,753.5934350986715,8910.042555500351,180.85588440097672
2007-07-22,650.2970667339528,8910.261204976729,-123.76639671068006
2007-07-23,1584.4502197337802,8910.47968734057,-222.93094707435012
2007-07-24,1700.9540029391158,8910.697940301903,-226.50298324101823
2007-07-25,1310.704047687759,8910.915902546016,-205.86641023377524
2007-07-26,1220.3495590844584,8911.13351384763,-295.1143229320878
2007-07-27,912.0282690075205,8911.350715091856,-19.74169209937645
2007-07-28,255.15446230385734,8911.567448354323,-0.5819106581802771
2007-07-29,779.2424955586072,8911.783655762763,-429.06656832137014
2007-07-30,1498.5887868017358,8911.999279581532,-247.52743638326865
2007-07-31,1452.0095590958729,8912.214263894435,-101.48903299030826
2007-08-01,834.988307641692,8912.428554135293,-205.19748677698408
2007-08-02,732.6430630232012,8912.642096371334,-296.3768263945349
2007-08-03,921.4872738900963,8912.85483770621,-15.23752859630622
2007-08-04,408.5568784846331,8913.066726499641,180.66764501572652
2007-08-05,321.0585145906367,8913.277711043194,-186.0893506338307
2007-08-06,1059.0232046250649,8913.487738800157,-168.05531842522214
2007-08-07,1217.989821237991,8913.696757761325,-175.99012099931497
2007-08-08,1030.2265143510135,8913.904716784451,-243.10268913546497
2007-08-09,887.0306060979387,8914.111565693282,-310.49196379122077
2007-08-10,465.9758688425522,8914.317255661634,-150.74729150418534
2007-08-11,-356.8038804463395,8914.52173942318,-186.40577597684023
2007-08-12,-342.5388029815698,8914.72497071829,-513.6528347367184
2007-08-13,803.9171277057541,8914.926904638689,-363.9015323444437
2007-08-14,1251.523550195171,8915.127498922871,-203.90375711804336
2007-08-15,1171.2334152404142,8915.32671353499,-268.53887877540546
2007-08-16,1271.9140586551473,8915.52450992558,-259.5302355807289
2007-08-17,677.1300111779509,8915.720851149013,-159.93544532696433
2007-08-18,80.83532846714837,8915.915701815113,-48.508530282260836
2007-08-19,568.3168618484223,8916.109027567974,-342.90630641639655
2007-08-20,1329.36497414262,8916.300794838291,-201.1138889809099
2007-08-21,1186.7857480376367,8916.490971833364,-170.05505287100095
2007-08-22,1200.314326776957,8916.679528250452,-172.62218802740972
2007-08-23,1371.2510329048694,8916.86643502708,-403.0124679319488
2007-08-24,1038.7015696068904,8917.051664583862,-312.87552619075177
2007-08-25,-63.39420976195922,8917.23519172698,-154.1674399650219
2007-08-26,-249.0081959300221,8917.416993392688,-429.77983946266613
2007-08-27,309.7428735969017,8917.597048216225,-238.15783881312746
2007-08-28,340.3434849569573,8917.77533735298,-258.919447309936
2007-08-29,280.4272701947649,8917.95184403867,-310.52494723343443
2007-08-30,399.0153534530367,8918.126553572245,-357.0198240252812
2007-08-31,92.87207733851231,8918.299453645886,-193.13340598439936
2007-09-01,-726.3514722824415,8918.470534474032,31.823020808409638
2007-09-02,-832.2134113401582,8918.639787981345,-203.1301266411865
2007-09-03,81.07821457159889,8918.807206976093,-147.65250454769193
2007-09-04,608.7530699695543,8918.972785861777,-118.01418883133192
2007-09-05,778.0030483090684,8919.13652066037,-162.15311096943879
2007-09-06,902.0981967255767,8919.298408917399,-334.87098064297606
2007-09-07,367.396687121512,8919.458450074038,-347.3522201955511
2007-09-08,-410.8323206051021,8919.616646297369,92.27359130773402
2007-09-09,-372.3925624067484,8919.773002325963,-225.40043991921448
2007-09-10,263.4695155523937,8919.927524038723,-145.9741225911166
2007-09-11,279.4212983866083,8920.080219274643,-170.58172566125177
2007-09-12,175.01789836363753,8920.231097913924,-185.4123292775621
2007-09-13,185.5855842605292,8920.380171970475,-181.26763123100318
2007-09-14,-152.70729391459338,8920.527455736712,47.485463177881684
2007-09-15,-968.93786879252,8920.67296560657,210.34823618594783
2007-09-16,-895.6090976978444,8920.816718993125,-126.0894962952807
2007-09-17,-8.11708960983471,8920.95873378063,-53.44268617079433
2007-09-18,159.8625215374007,8921.09902952029,-108.72134305769214
2007-09-19,37.35664288508259,8921.237627590071,-104.50760347515461
2007-09-20,209.15236974175812,8921.374551405477,-121.19858814723557
2007-09-21,-51.57286115863586,8921.509826542278,15.238034616357254
2007-09-22,-683.7332081203339,8921.643480725988,257.0195193943455
2007-09-23,-733.367483850788,8921.775543069865,-113.30410121907698
2007-09-24,-87.65162398357137,8921.906043322124,-97.12566933855305
2007-09-25,-103.08036242366082,8922.035013213756,-61.23590079009409
2007-09-26,-91.55068707798213,8922.16248681977,-45.157216741787124
2007-09-27,-45.31822862748854,8922.28850044485,-126.64006381736363
2007-09-28,-348.87766334197147,8922.41309267735,109.10165366462024
2007-09-29,-1154.9789948342864,8922.536304549883,200.84414828440276
2007-09-30,-1155.852873031369,8922.658178564892,-110.76905553352299
2007-10-01,-986.0530466471677,8922.778758414777,-168.2340447676088
2007-10-02,-246.82179866392318,8922.898090378518,8.538916285404412
2007-10-03,149.25591884233742,8923.016223828276,-59.89339267061223
2007-10-04,57.355097426828934,8923.133210682954,-282.7112251097824
2007-10-05,-378.90495389446676,8923.249105864332,111.45793103013602
2007-10-06,-1046.4410432298341,8923.363968060807,156.38436716902834
2007-10-07,-1479.4988390386268,8923.477858257556,203.7332727810699
2007-10-08,-489.18418822208184,8923.590839095292,63.321474126789326
2007-10-09,-322.5482333641303,8923.702974813654,82.61505055047564
2007-10-10,-372.8875981872621,8923.814331886904,64.60451630035823
2007-10-11,-27.85957055586173,8923.924979202357,29.097091353505675
2007-10-12,-440.5234437605407,8924.034988255928,156.03928850461307
2007-10-13,-1235.5836946203797,8924.144433293115,264.8350943272635
2007-10-14,-1123.6539844063689,8924.253390711128,-198.77065630475954
2007-10-15,-192.15369135473324,8924.361939015293,-20.75366466055857
2007-10-16,3.0970511961821012,8924.470160832874,72.17612097094388
2007-10-17,-312.7287320018083,8924.57814267159,4.463714330218863
2007-10-18,-202.86008455289166,8924.685974484353,-77.79401493146179
2007-10-19,-276.26572523936363,8924.793750148227,131.15885009113663
2007-10-20,-1108.2861121908445,8924.901567882514,176.1778773083297
2007-10-21,-958.5810563132669,8925.009529420196,-78.09868110692878
2007-10-22,-73.85703115199303,8925.117739988957,172.63012416303536
2007-10-23,-29.77591649664372,8925.226309420526,-3.5597679238835553
2007-10-24,-86.14601944899648,8925.335351614814,-97.21933216581783
2007-10-25,-68.76794796535232,8925.444985471484,-76.03349550613166
2007-10-26,-326.64959004836743,8925.555335864323,132.04758718404446
2007-10-27,-1153.0989458359522,8925.666533685275,244.72512015067696
2007-10-28,-867.4263528528762,8925.778714828237,-250.11361197536098
2007-10-29,87.41073035796103,8925.892020222072,47.6295414199667
2007-10-30,-55.88233156581618,8926.006598327256,64.67281623855888
2007-10-31,-116.95864395116939,8926.122604547836,-2.6466685966661316
2007-11-01,179.76643211921197,8926.240201198572,-257.96288331778305
2007-11-02,-196.7680342908856,8926.359558654876,161.4226426360092
2007-11-03,-1225.630254226212,8926.480856834974,294.3021053912362
2007-11-04,-1225.0362633295022,8926.604283451054,-19.142603121550565
2007-11-05,-498.1096996690053,8926.730033515792,92.23654115321187
2007-11-06,-400.7479515795058,8926.858311352991,58.448390226514675
2007-11-07,-99.80714673803622,8926.989331042972,-73.96968430493689
2007-11-08,-65.43115239535702,8927.12331730603,-102.75278991067353
2007-11-09,-304.446701848688,8927.260507159255,120.74556968943398
2007-11-10,-1256.2268687487006,8927.401150786996,270.8109259617049
2007-11-11,-1149.7683986046795,8927.545510764017,-123.75190415933866
2007-11-12,-247.08038510078225,8927.69386218238,39.96943991840271
2007-11-13,-65.2506996995845,8927.846495657745,60.17503704184128
2007-11-14,127.81262169865549,8928.00371793279,-97.15467263144456
2007-11-15,460.70943497382507,8928.165852854308,-259.9119548281342
2007-11-16,79.86562031011563,8928.333243942416,171.99780274746809
2007-11-17,-968.7411746363875,8928.506256458038,470.3703351783479
2007-11-18,-730.188970239119,8928.685275531387,15.91827770773125
2007-11-19,317.3061261635196,8928.870705349305,194.30108548717544
2007-11-20,241.49825474083462,8929.062972949536,360.20981430963
2007-11-21,7.698851806611258,8929.262528936559,361.62903625682884
2007-11-22,-115.42997273922502,8929.469847370072,117.64075036915347
2007-11-23,-664.6124156496982,8929.685427353195,439.1819882965028
2007-11-24,-1133.2642587027196,8929.909795828105,271.42592087461526
2007-11-25,-890.5620728010034,8930.143507384324,-11.328101583321768
2007-11-26,-75.69942010406258,8930.387146997473,239.36644010659074
2007-11-27,-200.00728878932452,8930.6413337134,253.44928807592441
2007-11-28,26.06457963934327,8930.906720620853,194.74911673980387
2007-11-29,150.58048399043827,8931.18399556426,158.2415624453024
2007-11-30,-221.57436476143766,8931.473882680291,262.83798208114604
2007-12-01,-1171.53909444565,8931.7771432977,316.72778414794993
2007-12-02,-919.0707250432285,8932.094575172881,-190.177600129653
2007-12-03,140.92865375862573,8932.427012486245,-30.833374244870356
2007-12-04,315.69284232212357,8932.775329009599,-24.972963331721985
2007-12-05,-29.917031419918942,8933.140436050562,72.25367836935584
2007-12-06,521.8069707417542,8933.523278851206,-120.39129159295953
2007-12-07,429.6734528083315,8933.924831691327,18.45421550034189
2007-12-08,-1048.4024319369496,8934.346093112312,497.13196382463684
2007-12-09,-638.6435989587856,8934.788075646695,155.35823131209145
2007-12-10,140.5806266728238,8935.251790576065,-5.687625248889162
2007-12-11,-48.314762892511936,8935.738236871792,73.14444302072116
2007-12-12,-165.41100852793562,8936.24838683625,67.52282969168482
2007-12-13,-125.94494311715019,8936.783165437266,9.664902679884108
2007-12-14,-223.5769651000661,8937.343426047022,157.58978905304502
2007-12-15,-886.2462216778847,8937.929922123007,408.29963255487746
2007-12-16,-986.9778531486456,8938.543271735525,67.6222894131206
2007-12-17,-419.4207080034912,8939.183917035061,218.52929096842854
2007-12-18,-459.8840390487483,8939.852084243743,328.3657048050045
2007-12-19,12.623241728370202,8940.547735278958,-34.92722700732884
2007-12-20,56.984819368500254,8941.27051569756,46.939456933938345
2007-12-21,151.6105502651449,8942.019704173248,354.6684955616074
2007-12-22,-1189.4645230078481,8942.50893690821,421.8078780996366
2007-12-23,-1551.5443271093604,8942.995310948512,57.32589116084819
2007-12-24,-1313.340355912437,8943.47817995648,92.48530095595561
2007-12-25,-2203.197340574771,8943.956906509364,59.901059065407026
2007-12-26,-2047.5040128974742,8944.430885046064,78.79125285141163
2007-12-27,-1032.4638094763534,8944.899539113543,-62.721354637189506
2007-12-28,-763.4883228556313,8945.362302878202,-25.514813022571616
2007-12-29,-846.7852825047103,8945.818599770675,-13.315609265964667
2007-12-30,-1010.040425677302,8946.267859618418,30.504233058883983
2007-12-31,-655.0944848781007,8946.709509488326,61.73976738977399
2008-01-01,-1075.2393298289037,8947.14296236501,7.900117463894276
2008-01-02,-306.4492360443594,8947.567630052716,177.58493899164387
2008-01-03,-467.1211360929474,8947.982935519707,264.65674257323917
2008-01-04,-560.3686003365083,8948.38829355891,243.95301477759858
2008-01-05,-986.397247292322,8948.783123005813,204.61870728650865
2008-01-06,-214.10668369389694,8949.166895810902,-206.31354511700556
2008-01-07,515.1580183220985,8949.539155066468,-202.510090388565
2008-01-08,486.3377252718108,8949.899516568828,-338.6014088406391
2008-01-09,201.22443231964346,8950.247675320492,161.5172673598645
2008-01-10,256.66940741968676,8950.58340259166,400.15718998865304
2008-01-11,97.12105808019365,8950.906486082169,574.5249558376363
2008-01-12,-609.085635733602,8951.21672816715,526.8009905664512
2008-01-13,-414.50555875922214,8951.513994996367,255.82010576285393
2008-01-14,-1.4550415998164163,8951.798201694879,-17.50857709506272
2008-01-15,654.2015842615391,8952.069290768603,-409.0496250301403
2008-01-16,979.5005947033719,8952.327250391188,-313.1284700945598
2008-01-17,179.77583588183393,8952.57212937816,-179.56109025999467
2008-01-18,-399.3708224774834,8952.803985761704,196.27454471577948
2008-01-19,-1129.1766878281082,8953.022859266452,235.15903656165574
2008-01-20,-633.4783999168199,8953.22880381948,-249.27561190265988
2008-01-21,132.30797298579088,8953.421889508554,-387.96736249434434
2008-01-22,50.39850159070528,8953.60220529938,-324.6492488900858
2008-01-23,-82.8543514585797,8953.769888898949,-143.85199544036914
2008-01-24,394.0206909065851,8953.925145913161,-470.1370868197464
2008-01-25,362.51585703192023,8954.06822192511,-455.17053695703
2008-01-26,-1008.0740401030342,8954.199409918447,270.00067218458753
2008-01-27,-881.8477648477802,8954.319070982596,171.7899438651839
2008-01-28,-318.4725293618638,8954.427601889423,-150.7923645275605
2008-01-29,1157.8106117399486,8954.52541227467,-112.51769101462014
2008-01-30,1487.7653886083021,8954.612941866373,-153.6604104746766
2008-01-31,1492.0311980526358,8954.69066714496,-330.46978519759614
2008-02-01,375.1400026671028,8954.759085530692,-279.6209631977945
2008-02-02,-491.46920785193595,8954.818720125515,-34.710970273577914
2008-02-03,-274.05507753489303,8954.870150083327,-561.9498645484327
2008-02-04,404.4394042610765,8954.913993193279,-308.2890224543553
2008-02-05,490.55569014121414,8954.95089831027,-302.87221345148464
2008-02-06,708.6392875132416,8954.981554920892,-489.2079254341352
2008-02-07,770.1300413423722,8955.006715021436,-810.8894643638087
2008-02-08,283.1976627715675,8955.027167416,-649.9264971875655
2008-02-09,-710.4995221885946,8955.043717169243,-361.93606998064934
2008-02-10,-1156.1789596271924,8955.057202852255,-211.83407622506274
2008-02-11,-446.7387986777868,8955.068475547654,159.41594813013216
2008-02-12,-327.02058323729443,8955.078390712766,325.2296925245282
2008-02-13,-549.9491176066175,8955.087824573466,332.9052510331512
2008-02-14,-245.66365402138206,8955.097670870393,93.37390015098936
2008-02-15,-440.07026576508065,8955.108792635101,238.1156401299795
2008-02-16,-1410.0826299969556,8955.122006981164,389.3112480157906
2008-02-17,-1162.6873972028313,8955.138113846706,-61.22759164387389
2008-02-18,-188.28552799011982,8955.15788940852,76.33055558160049
2008-02-19,48.49795360382128,8955.182084599117,24.74912879706244
2008-02-20,288.9177659495855,8955.211453274158,-59.77255222374333
2008-02-21,420.3582318105497,8955.246785930105,-110.67918474065482
2008-02-22,128.7855910903825,8955.288885645956,309.81927326366167
2008-02-23,-1270.5364979366675,8955.33852134469,490.47901859197555
2008-02-24,-1022.3428353479783,8955.396444210322,-190.42402586234493
2008-02-25,6.7702575533196345,8955.463381826383,-189.73468137970303
2008-02-26,266.0958083064908,8955.540044823545,-32.51856113003487
2008-02-27,-17.785158594892458,8955.627138855063,32.70656173982934
2008-02-28,-89.82032450201086,8955.725350990464,-22.457318488453893
2008-02-29,-493.72667884175183,8955.835299065748,60.67096277600285
2008-03-01,-1125.932032328442,8955.957523955056,-0.05507462661444151
2008-03-02,-1351.112991610548,8956.092534300396,-0.060584689848838025
2008-03-03,-281.2641600325294,8956.240809291681,-0.06581625915168843
2008-03-04,22.29463368871591,8956.402804603329,-0.07077129204481025
2008-03-05,-28.495593376897705,8956.578962154452,-0.07545177755309851
2008-03-06,304.38118927968276,8956.769712455505,-0.07985973518771061
2008-03-07,63.679600207044196,8956.97543900669,-0.08399721373461944
2008-03-08,-915.0444300593376,8957.19646334966,-0.08786629032147175
2008-03-09,-1079.9180763556164,8957.433087425,-0.09146906938440225
2008-03-10,139.9392087936191,8957.685598888018,-0.09480768163666653
2008-03-11,387.22029789512334,8957.954253388021,-0.09788428314459452
2008-03-12,356.07496497543775,8958.23927807898,-0.10070105441809574
2008-03-13,535.3240466815299,8958.540880517952,-0.10326019948115572
2008-03-14,463.6411463042592,8958.85920964066,-0.10556394491868559
2008-03-15,-321.9102832318284,8959.194355771024,-0.10761453919622
2008-03-16,-749.2803071876779,8959.546388439328,-0.10941425165219698
2008-03-17,302.63852021981666,8959.915362152013,-0.11096537182856991
2008-03-18,472.0261810612445,8960.301297147396,-0.11227020864134829
2008-03-19,288.20287995701653,8960.704201132576,-0.11333108959115634
2008-03-20,394.87005242470934,8961.124097935322,-0.1141503600319993
2008-03-21,-1362.8783290368758,8961.560976419467,-0.11473038259100576
2008-03-22,-1304.1367836877773,8962.014774224084,-0.11507353630622674
2008-03-23,-1600.0660302624144,8962.485379478507,-0.11518221609185275
2008-03-24,-1154.107583911619,8962.972642743629,-0.11505883201061806
2008-03-25,-129.16916324564417,8963.47636905429,-0.11470580864624935
2008-03-26,-136.62844838067988,8963.996323965279,-0.11412558459960565
2008-03-27,-322.4610190120792,8964.532256623854,-0.11332061177563446
2008-03-28,-379.50303751147,8965.08387286636,-0.11229335489042569
2008-03-29,-1088.8643705346542,8965.650833825566,-0.11104629091096285
2008-03-30,-1398.0450954092423,8966.232802317694,-0.10958190845121862
2008-03-31,-376.7194445888555,8966.829430296231,-0.10790270737561514
2008-04-01,-221.1137116054776,8967.440347803638,-0.1060111981605587
2008-04-02,-195.78586048513608,8968.065187386666,-0.10390990153064195
2008-04-03,-284.60928926011854,8968.703598608032,-0.10160134791294695
2008-04-04,-324.372578762596,8969.355208839528,-0.09908807693318522
2008-04-05,-1047.2961635915547,8970.019619228628,-0.09637263707190868
2008-04-06,-1279.9542169729634,8970.696424558131,-0.09345758516792557
2008-04-07,-269.11193319520197,8971.385195681121,-0.09034548591989733
2008-04-08,-188.64575041987882,8972.08549733154,-0.08703891166078392
2008-04-09,-204.08170741743209,8972.796914859175,-0.08354044174302544
2008-04-10,-145.60503955957665,8973.519059221826,-0.07985266224750376
2008-04-11,-223.60720973564432,8974.251520901225,-0.07597816558154591
2008-04-12,-984.3721508182241,8974.993862368301,-0.07191955007692741
2008-04-13,-1230.4796546339153,8975.74566705351,-0.06767941959515156
2008-04-14,-291.410964869536,8976.50651725275,-0.06326038321458327
2008-04-15,-106.92044409997516,8977.275984154763,-0.058665054788434645
2008-04-16,-195.2216362147344,8978.053657267375,-0.05389605264099373
2008-04-17,-86.41021212789835,8978.839168127051,-0.048955999154713936
2008-04-18,-131.89577829451332,8979.632125814967,-0.043847520455528866
2008-04-19,-816.7068536924967,8980.43209393853,-0.03857324603450252
2008-04-20,-1070.4809113308274,8981.238630139238,-0.03313580840949726
2008-04-21,-178.95374057623889,8982.051278418949,-0.027537842710444238
2008-04-22,17.166384075624595,8982.869564910794,-0.021781986419227906
2008-04-23,-29.472997545236733,8983.693035424174,-0.01587087893676653
2008-04-24,-62.46687468250479,8984.521264843775,-0.009807161270146025
2008-04-25,-1036.3283605495635,8985.353829025202,-0.003593475637899246
2008-04-26,-1087.309304310795,8986.190286775898,0.0027675348974298686
2008-04-27,-1227.6365732372747,8987.030217010537,0.009273226738514495
2008-04-28,61.79191232632093,8987.873208717518,0.01592095616069855
2008-04-29,477.5169758741767,8988.71885804608,0.022708079743097187
2008-04-30,429.5296103941694,8989.566799651173,0.029631954657816095
2008-05-01,364.1167998359853,8990.416718224906,0.03668993910832796
2008-05-02,50.787851388002004,8991.268269219248,0.04387939274965902
2008-05-03,-528.1822488380898,8992.121051161073,0.05119767701580713
2008-05-04,-715.6232968890092,8992.974654733463,0.05864215554538532
2008-05-05,155.12993468492866,8993.828647120306,0.06621019476551737
2008-05-06,295.6450127524992,8994.682546083452,0.0738991640500899
2008-05-07,69.39558162127716,8995.53583694236,0.08170643636367458
2008-05-08,205.4202911890827,8996.387996422385,0.08962938853255764
2008-05-09,93.28908446870105,8997.23845812933,0.09766540196869755
2008-05-10,-593.300162339337,8998.086642476506,0.10581186283161514
2008-05-11,-921.5306295446806,8998.931980381933,0.1140661627468944
2008-05-12,-67.08568402580264,8999.773883326696,0.12242569910631573
2008-05-13,167.20987251079083,9000.611739613454,0.13088787575361494
2008-05-14,177.56623745951487,9001.4449374371,0.1394501033864799
2008-05-15,167.972976638845,9002.272871561121,0.14810980003494478
2008-05-16,53.640519886923876,9003.094907721317,0.15686439175988198
2008-05-17,-443.376735806167,9003.910399493148,0.16571131301861897
2008-05-18,-395.9765189031053,9004.718745895667,0.17464800743982778
2008-05-19,332.3957008965963,9005.519377175255,0.18367192814730515
2008-05-20,452.1350686001865,9006.311733861265,0.1927805385494139
2008-05-21,464.82420455134275,9007.095282135768,0.20197131288841774
2008-05-22,525.1515119446616,9007.869538318582,0.21124173675707425
2008-05-23,466.03413307052455,9008.634027621569,0.22058930790626619
2008-05-24,-205.9697053367159,9009.388235800043,0.23001153667428298
2008-05-25,-372.5623957977928,9010.131639850964,0.23950594682901283
2008-05-26,285.3219966142485,9010.863725309662,0.24907007608999265
2008-05-27,348.3808608775045,9011.583979645602,0.25870147689238365
2008-05-28,434.3790709644764,9012.29190631844,0.26839771708364424
2008-05-29,459.0187682768603,9012.987033342653,0.27815638048559777
2008-05-30,376.15919622725266,9013.668870704934,0.2879750678130222
2008-05-31,-257.601409608637,9014.336891211415,0.2978513972211658
2008-06-01,-371.6895941049765,9014.990561099788,0.3077830051879573
2008-06-02,354.1972904393949,9015.629317013481,0.31776754712336697
2008-06-03,546.6596439004263,9016.25255340144,0.32780269813338236
2008-06-04,606.6951666114743,9016.859686996768,-119.99318660824247
2008-06-05,528.5961429771393,9017.45016623854,23.15806578432057
2008-06-06,405.04389323211603,9018.023412639086,-21.55959787120264
2008-06-07,126.6229601613241,9018.578821809513,-402.7580319708377
2008-06-08,-263.34543096476204,9019.115819455305,-267.89768049054146
2008-06-09,-7.582958877968036,9019.633873214907,-560.4196643369378
2008-06-10,526.679194110182,9020.132485618178,-153.11938772836038
2008-06-11,987.4324897129248,9020.61121214684,-651.8616188597643
2008-06-12,1038.023054285689,9021.069664002423,-807.2170932881127
2008-06-13,931.9048358134705,9021.507496058706,-504.1081648721756
2008-06-14,793.5636569631486,9021.924415129826,-449.22328009297416
2008-06-15,623.3812937355808,9022.320172933167,-546.917091668749
2008-06-16,714.0326173421572,9022.69455723954,-122.67071658169698
2008-06-17,923.2715759169372,9023.047390146465,-400.977299063401
2008-06-18,1112.8229150796826,9023.378509465289,-692.9562165449715
2008-06-19,1017.4974681430695,9023.687756365598,-546.5706415086679
2008-06-20,833.1027111706787,9023.97495500563,-365.8507911763081
2008-06-21,438.7717683801075,9024.239930459518,-621.018990839626
2008-06-22,453.7282197626207,9024.482558830923,-639.2307785935445
2008-06-23,769.779192456328,9024.702785160676,109.38968938299513
2008-06-24,1078.0150393554638,9024.900610822377,-87.55794017783955
2008-06-25,1192.298821869521,9025.076031796349,-347.57131166586987
2008-06-26,1236.4950228768255,9025.229019250773,-337.61383412759824
2008-06-27,1011.3302600102442,9025.359486670692,-150.7899546809349
2008-06-28,442.42145805899713,9025.467289528395,-226.64333058739248
2008-06-29,367.3445523327521,9025.552269533357,-511.7784888661081
2008-06-30,632.1089468839608,9025.614307879161,14.58653723687894
2008-07-01,705.0171254553721,9025.653374376903,42.78929216772485
2008-07-02,679.204522354664,9025.669524479863,-17.910088834527414
2008-07-03,781.894124336025,9025.66287688751,113.63820677646254
2008-07-04,832.4690082181513,9025.633549602855,365.96848217899424
2008-07-05,433.36090589784055,9025.581663190585,-183.3290270884263
2008-07-06,603.2807163196826,9025.507402743167,-703.2404110628504
2008-07-07,950.8837772325476,9025.411032750746,-229.1496019832939
2008-07-08,1306.4388990286923,9025.292894991164,-263.91491401985513
2008-07-09,1414.4938647266883,9025.153408486312,78.48355678699954
2008-07-10,1314.209507236341,9024.993101323607,212.958641440051
2008-07-11,1119.669983348873,9024.812568306697,220.96869834442987
2008-07-12,815.3554639005076,9024.612379503338,-98.82638540384505
2008-07-13,616.8592137822703,9024.393081364335,-362.20979514660576
2008-07-14,849.6434772765484,9024.155240754202,-164.4116350307504
2008-07-15,1280.8879979218627,9023.899446049121,-485.8761939709857
2008-07-16,1450.3526595791195,9023.626313872584,-547.0189734517044
2008-07-17,1411.8853889079526,9023.33651283892,-340.81732174687204
2008-07-18,1161.8788269956094,9023.030756913362,-152.55583390897118
2008-07-19,749.4237076199205,9022.709787421058,-331.61745304097894
2008-07-20,639.7971659489152,9022.374415431408,-347.4644983803246
2008-07-21,733.053005629699,9022.025515976531,261.7439783937698
2008-07-22,1039.2204718777737,9021.664029825519,460.0161282967074
2008-07-23,1281.0504992997528,9021.290983577748,467.0935171224992
2008-07-24,1192.2277618601483,9020.90751055033,425.75118758951976
2008-07-25,889.447111617256,9020.514800699151,604.1889176835939
2008-07-26,688.9067746625792,9020.11404406935,53.34855626807075
2008-07-27,627.9977603310292,9019.70638945901,14.959808209960102
2008-07-28,1121.046397699792,9019.292929831287,871.9052524689214
2008-07-29,1356.9476035980101,9018.87470044533,508.7412359566588
2008-07-30,1282.2188427312444,9018.452690751852,216.58221651690292
2008-07-31,915.3624629862787,9018.027873720199,423.94216329352275
2008-08-01,560.2779394050978,9017.6011802185,606.2425503764025
2008-08-02,412.24950103122603,9017.17346678987,43.86786517890141
2008-08-03,470.0230046133592,9016.74553556334,-348.0299981766984
2008-08-04,737.6582116948834,9016.318142543108,385.45343576200867
2008-08-05,1081.2070202892385,9015.892022161152,349.31574754961
2008-08-06,1063.8583708417007,9015.467918072049,365.1182910862499
2008-08-07,936.9275884532252,9015.046579433803,499.28229211297185
2008-08-08,712.5031199908123,9014.628678511057,633.9996614981319
2008-08-09,386.22834049158166,9014.214783504285,314.42604300413404
2008-08-10,428.87567844397273,9013.805438115214,385.6784664408133
2008-08-11,618.8296307772379,9013.401185386396,1040.1375138363655
2008-08-12,915.846476052226,9013.00252658855,740.5514173592237
2008-08-13,1015.4796647574011,9012.609907924794,420.4712573178058
2008-08-14,940.3572853490235,9012.223767874959,549.6795767760177
2008-08-15,605.2218112734594,9011.84453773913,531.592820987411
2008-08-16,32.23619880242958,9011.472626992401,332.32450720516863
2008-08-17,44.72029198574748,9011.108422701753,109.39066031249968
2008-08-18,740.9540113957705,9010.752288554773,698.1472400494567
2008-08-19,1056.3748463395236,9010.404555700145,414.4791379603321
2008-08-20,884.4876474625825,9010.065519920488,352.28933261693055
2008-08-21,774.9303915355063,9009.735450905555,357.3547875589393
2008-08-22,620.7627809767833,9009.414569145205,818.0895298780106
2008-08-23,182.130741418079,9009.103050297315,637.7372502846047
2008-08-24,-22.081864793387226,9008.80101983022,320.23563696316705
2008-08-25,101.14754628816586,9008.508537442898,871.4189162689363
2008-08-26,343.9622296330037,9008.225577505202,488.08594286179505
2008-08-27,344.9969830725734,9007.952029646234,529.541612281193
2008-08-28,296.3573155542657,9007.687721062968,632.6880883827671
2008-08-29,35.287161547847795,9007.432434188431,725.6126962637209
2008-08-30,-351.81255123376167,9007.185931572361,397.7532866614001
2008-08-31,-354.7480346140543,9006.947972162772,-52.25243754871735
2008-09-01,-240.73330653937793,9006.718317941044,417.6074885983344
2008-09-02,173.7488170291792,9006.496728710688,306.5763292601314
2008-09-03,455.77199575464334,9006.282966157707,247.22628808764966
2008-09-04,405.90094826768876,9006.07680013897,335.43808459334105
2008-09-05,212.57757155693253,9005.87798811661,680.8206903264581
2008-09-06,-126.47828393208015,9005.686274108955,705.7136768231248
2008-09-07,-209.44320935752202,9005.50138190746,-173.65338054993845
2008-09-08,0.6402806843177887,9005.323010077636,461.6558762380464
2008-09-09,309.0521746166362,9005.150843229067,302.72406515429793
2008-09-10,295.70283051559295,9004.984574783106,351.87051170130144
2008-09-11,173.23111959832715,9004.823915828687,381.4618395729849
2008-09-12,-242.1190682693054,9004.66855812315,373.1005101461542
2008-09-13,-727.8747395556501,9004.518165251651,-84.50050869600273
2008-09-14,-756.0720005486608,9004.372384148102,-410.31434159944183
2008-09-15,-467.7595782246672,9004.230857833556,262.52330339111177
2008-09-16,-103.00828419886929,9004.093228195397,117.15026400347233
2008-09-17,82.72634280978701,9003.95913219561,227.64098299460238
2008-09-18,-83.91560299154229,9003.82819919733,219.140736794212
2008-09-19,-348.16071247311135,9003.70004934837,252.4519131247398
2008-09-20,-677.7829601612982,9003.57429344201,-20.507791280713718
2008-09-21,-646.581446998509,9003.450533629106,-504.16804463059634
2008-09-22,-369.65070985928503,9003.32836873741,236.4437991218747
2008-09-23,-165.74690585876164,9003.207399341087,204.01221451767378
2008-09-24,-185.56844243385947,9003.087219890078,132.15580554378175
2008-09-25,-178.14021070913446,9002.967417144977,99.92341856415806
2008-09-26,-404.67118885988856,9002.847571557657,262.82382530223185
2008-09-27,-673.307135378817,9002.727257612887,-208.75720523407108
2008-09-28,-760.5069386789595,9002.606043555745,-392.32535487678433
2008-09-29,-579.830234753803,9002.483497913332,230.85861184047099
2008-09-30,-497.5477548526686,9002.359191638063,345.7202302146052
2008-10-01,-186.87306893936645,9002.232690310675,-7.9179543713089515
2008-10-02,-67.05389078018057,9002.10355194837,128.87908883180899
2008-10-03,-217.35649239224406,9001.971331069712,574.4626613225319
2008-10-04,-752.3607619432265,9001.83557680278,-213.9904398595536
2008-10-05,-1138.6896246246597,9001.695829369854,-303.92287174519333
2008-10-06,-951.877641601813,9001.551629564306,-398.700654962493
2008-10-07,-277.2328973466061,9001.402523087865,-117.93816774125844
2008-10-08,-183.99319369458743,9001.24806140316,-156.60278470857156
2008-10-09,-191.85618863183055,9001.087798694622,-120.65556806278983
2008-10-10,-338.2812429961957,9000.921291568658,-49.71296557246205
2008-10-11,-791.4351911665152,9000.748098710805,-303.68624054428983
2008-10-12,-857.8550098424006,9000.567780911382,-521.3650630689808
2008-10-13,-603.7071834515218,9000.379905156284,405.8170702952393
2008-10-14,-243.1123592122488,9000.18404553094,49.688521681309794
2008-10-15,-182.1284452837791,8999.979773110184,-136.2571608264061
2008-10-16,-309.4980613343547,8999.76665847734,-0.9023471429864003
2008-10-17,-485.4982750198678,8999.544275177826,163.54441684203994
2008-10-18,-772.8562577679323,8999.31219826977,-254.45969050183703
2008-10-19,-775.1128272512965,8999.070003358462,-344.57967610716514
2008-10-20,-480.9591550927974,8998.817272159386,163.92167493341185
2008-10-21,-62.331417946170916,8998.553593676867,-337.6390507306969
2008-10-22,-78.28052905845615,8998.278559727349,14.680719331106957
2008-10-23,-16.390364177206617,8997.991769024946,201.93130315226153
2008-10-24,-445.15877113162236,8997.692823865775,159.4792802658485
2008-10-25,-810.7531529837335,8997.381326938503,-256.7823409547691
2008-10-26,-766.4805676053642,8997.056882961373,-482.2273573560087
2008-10-27,-333.26921236504927,8996.719105398639,507.4215649664093
2008-10-28,-43.24051188768713,8996.367617879647,-88.1737729919605
2008-10-29,-98.77139544896875,8996.002044165192,-122.34106571622397
2008-10-30,-55.52568970573474,8995.622013214086,12.22555149164873
2008-10-31,-165.21397703861106,8995.22716151584,522.804523522771
2008-11-01,-637.4354818363391,8994.817130100691,-316.08852326435226
2008-11-02,-620.9124563094092,8994.391560489237,-581.9405621798269
2008-11-03,-167.7265520791861,8993.950105360278,44.90082171890754
2008-11-04,-281.35393275723067,8993.492433159345,-177.9487084021148
2008-11-05,-278.66580185945537,8993.01822182475,-110.44908696529455
2008-11-06,-132.0642626669144,8992.52715984925,154.32022781766318
2008-11-07,-434.05685671976335,8992.01894566848,211.80895305128251
2008-11-08,-736.8027337356301,8991.493284175607,-235.29096743997616
2008-11-09,-728.0306359324449,8990.949887003728,-535.5175840712836
2008-11-10,-421.7932058839067,8990.388479691734,253.56722619217362
2008-11-11,-9.437644576064308,8989.808804984987,-73.97303540892244
2008-11-12,195.23011605007704,8989.210614946283,-114.46739799636089
2008-11-13,115.19878597943205,8988.593673295323,200.12670772524507
2008-11-14,100.94149649932956,8987.957756480602,525.5763720200666
2008-11-15,-403.9733691033479,8987.3026490818,-338.368446978453
2008-11-16,-250.25126916803484,8986.62814183866,-935.2254146706255
2008-11-17,-319.86930112685553,8985.934044503065,-26.35703537620975
2008-11-18,152.88849992304574,8985.220195006643,-383.2226529296877
2008-11-19,487.35502199530316,8984.486453519143,-715.1389755144464
2008-11-20,671.1082861641438,8983.732702679688,-718.0597388438327
2008-11-21,128.41000644602377,8982.95885680816,-230.14073825418382
2008-11-22,-193.40102406022143,8982.164872158157,-873.338223097936
2008-11-23,-654.5366159003312,8981.35074335372,-537.8916274533894
2008-11-24,-480.78392835802623,8980.516513451983,27.56241490604407
2008-11-25,120.9605057810936,8979.662263286398,-473.9348520674921
2008-11-26,189.9171655852086,8978.788117139666,-502.1848657248738
2008-11-27,359.7487820885571,8977.894252648686,-384.861576737243
2008-11-28,141.59936292270012,8976.980893351878,-311.9258812745775
2008-11-29,-538.2263862297873,8976.048303475061,-521.2125422452737
2008-11-30,-804.095227233156,8975.09678633975,-629.080934106596
2008-12-01,-520.7269583308782,8974.126677568884,384.6977807619951
2008-12-02,-40.09237920937903,8973.13835146746,65.90965274192058
2008-12-03,183.57524935610067,8972.132218414343,54.10461522955666
2008-12-04,-66.5804454942503,8971.10872182392,-140.4422343296701
2008-12-05,-36.05781183769663,8970.06833541238,244.78343442531695
2008-12-06,-170.71604366750987,8969.011570868544,-33.005527201034056
2008-12-07,-173.36298419327613,8967.938970960548,-990.493486767271
2008-12-08,102.16972124867469,8966.851095089003,-306.99539933767664
2008-12-09,185.22936321943408,8965.748534157034,15.02856062353203
2008-12-10,158.12098514142923,8964.631913614745,-142.72769075617543
2008-12-11,-65.28903599998863,8963.501888282271,-131.5680602822831
2008-12-12,-308.9058925690257,8962.359139070863,-15.930538501836054
2008-12-13,-439.42006665954455,8961.20437689391,-311.8795182343656
2008-12-14,-585.4403446914113,8960.038347803009,-813.4088361115973
2008-12-15,-331.4450702431793,8958.861825339745,-132.10383809656742
2008-12-16,254.0608859134022,8957.675613158292,-434.0173320716949
2008-12-17,573.0222070782074,8956.480540888411,-653.7854559666193
2008-12-18,111.31713750013112,8955.277462979284,72.75310752058431
2008-12-19,-283.179012210881,8954.067257911856,-91.07262070097568
2008-12-20,-629.5516236169306,8952.850839880273,-706.6458832633434
2008-12-21,-683.4631162528023,8951.629175270617,-841.0002260178144
2008-12-22,-397.5379269451789,8950.403276868466,-112.06764192328774
2008-12-23,-245.5742189213965,8949.174206965792,-182.45790504439537
2008-12-24,-876.1545091391008,8947.94305253538,-117.35354339627884
2008-12-25,-1818.8207960147602,8946.710896430084,-155.2028084153244
2008-12-26,-1429.234486511818,8945.478816296281,127.77025321553629
2008-12-27,-1148.3994291306283,8944.247885409759,53.28737672086936
2008-12-28,-994.2555454948762,8943.019189367133,28.822189127744423
2008-12-29,-868.0399259260397,8941.79379707385,-58.88699614781035
2008-12-30,-679.2973710890091,8940.57275459432,-121.42580050531069
2008-12-31,-840.2103158432284,8939.357102159938,-13.805119316710261
2009-01-01,-732.0033781850684,8938.147871430854,-353.2555352457857
2009-01-02,-747.7783738538543,8936.946078616707,-527.4710377628526
2009-01-03,-1092.778289308593,8935.752751303618,-486.12404499502554
2009-01-04,-865.1618805134271,8934.568912913794,-407.5134904003662
2009-01-05,19.579991534344014,8933.395541521697,414.3311339439606
2009-01-06,479.31402205648163,8932.233560871355,406.6628340721636
2009-01-07,305.57279457912443,8931.08383621059,678.7987862102855
2009-01-08,92.94558404883338,8929.947156728378,-321.54919877721113
2009-01-09,159.20131846614206,8928.824238982108,-798.9126404482495
2009-01-10,-78.43274864273572,8927.715796925506,-1147.7247152827704
2009-01-11,-166.03227110960196,8926.622547135768,-1052.3302760261658
2009-01-12,642.8803173769303,8925.545173838645,-510.3988242155756
2009-01-13,503.75415551028135,8924.484332850156,36.229011639563396
2009-01-14,546.8810567730225,8923.440661598437,819.2941116285401
2009-01-15,750.7430361532041,8922.414755489828,627.3859583569683
2009-01-16,-24.741116402042444,8921.407142168866,360.1820992331777
2009-01-17,-729.9893982897663,8920.418326948575,-391.5822616588084
2009-01-18,-808.7891957566342,8919.448817415667,-469.4096216590333
2009-01-19,-318.2996433938465,8918.499113988846,499.454904405
2009-01-20,356.62569936030326,8917.569716767779,776.7991638719177
2009-01-21,776.8480055277921,8916.661120855639,650.1037936165685
2009-01-22,1013.5919997257375,8915.773768652534,288.43881162172875
2009-01-23,832.1912865784768,8914.908015359906,940.9904880616177
2009-01-24,51.979925678409444,8914.064157585442,911.004874736147
2009-01-25,-376.2888910405263,8913.242429786822,-539.4614557462955
2009-01-26,-268.78750578828715,8912.443011306137,-343.07988051785105
2009-01-27,312.45200601619297,8911.666066033371,302.06817795043753
2009-01-28,983.0988433646125,8910.91175198143,225.4662846539577
2009-01-29,1129.9063798546135,8910.180188078983,307.70781206640277
2009-01-30,716.912828446346,8909.471434819166,661.2969867344873
2009-01-31,158.51575814829712,8908.785500806296,559.5472830454073
2009-02-01,165.01235286595917,8908.12232158385,69.6561585501895
2009-02-02,325.3849365623542,8907.481738528268,1124.1416549093792
2009-02-03,662.0527769499969,8906.863517562866,616.7491254871366
2009-02-04,769.9634861623535,8906.267351149103,605.8704126885441
2009-02-05,1017.6470552207932,8905.69284734049,978.5167674387158
2009-02-06,527.338474175519,8905.139520528639,1621.8690852958425
2009-02-07,130.6328559131892,8904.606826434878,1299.884067651934
2009-02-08,194.37626237549577,8904.094181249517,723.8318483749881
2009-02-09,48.40485319693264,8903.60095823392,423.57106356914846
2009-02-10,322.5317220300797,8903.126505845354,-319.0076028754338
2009-02-11,372.2058861702695,8902.670159737427,-650.6922959076965
2009-02-12,312.0234023127444,8902.231220111147,-666.0839974238916
2009-02-13,-227.48085034264173,8901.808958917492,-187.03623357485048
2009-02-14,-510.91404744934715,8901.402677576532,-476.57300512718575
2009-02-15,-441.4605847639861,8901.01170162358,-779.0175748595939
2009-02-16,-433.81847302412666,8900.6353539337,122.06832709042646
2009-02-17,-26.04900220209964,8900.27296728556,-153.09875708346044
2009-02-18,51.33409374943978,8899.92388212354,-49.96693387297819
2009-02-19,217.22431123134993,8899.587404907366,119.04932586128416
2009-02-20,111.3968484858316,8899.26277290682,220.8326706073476
2009-02-21,-71.68179438284466,8898.949190485399,-620.2413541025544
2009-02-22,-38.86030083657301,8898.645859565793,-981.6130587292209
2009-02-23,-23.984453289641714,8898.351982016538,380.2287212731044
2009-02-24,151.03891434307133,8898.066772661065,378.8172299958642
2009-02-25,222.44572738091242,8897.789447881838,64.33690773724811
2009-02-26,33.790849801933305,8897.519205402663,-66.151513204597
2009-02-27,-145.36047206520928,8897.255241467687,44.15085559752333
2009-02-28,-553.3545645754986,8896.99680591638,-122.14453334088103
2009-03-01,-896.1812394098821,8896.743198026057,-0.716125616174395
2009-03-02,164.0043679524651,8896.49373006467,-0.7343480171348347
2009-03-03,382.9004474707567,8896.247727767612,-0.7525502383687126
2009-03-04,80.75557844308216,8896.004526303914,-0.770729746996949
2009-03-05,-323.66623726188186,8895.76345425731,-0.7888839954284776
2009-03-06,-374.0678582043322,8895.523826626804,-0.8070104224716488
2009-03-07,-938.9321691870971,8895.284983641674,-0.8251064545765985
2009-03-08,-1218.9522898898447,8895.04629239683,-0.8431695069848502
2009-03-09,-161.83904825134653,8894.807120236192,-0.861196984846174
2009-03-10,-46.22869288225829,8894.566837166703,-0.8791862844464049
2009-03-11,-64.98250179378982,8894.324844587994,-0.8971347942060675
2009-03-12,48.02780401386236,8894.080568881966,-0.9150398958281585
2009-03-13,-69.59492407397775,8893.833448039419,-0.9328989654404722
2009-03-14,-834.2914270796218,8893.582969454164,-0.950709374541475
2009-03-15,-1015.8785257689661,8893.328661260133,-0.9684684911662771
2009-03-16,-296.65848284830406,8893.07007352909,-0.986173680785214
2009-03-17,-211.2227528457704,8892.8067831532,-1.0038223074316193
2009-03-18,-153.56657842537012,8892.538407159922,-1.0214117345512932
2009-03-19,76.27707246463618,8892.264574861474,-1.0389393261102668
2009-03-20,148.99171508407633,8891.984895363303,-1.0564024473787867
2009-03-21,-775.6570746667563,8891.698998132732,-1.0737984659754147
2009-03-22,-1110.854791928682,8891.406541681356,-1.0911247526728403
2009-03-23,19.54825113351427,8891.107210548851,-1.1083786823655828
2009-03-24,330.9287982992347,8890.800717335529,-1.1255576347648457
2009-03-25,287.2927089135583,8890.48682508184,-1.1426589953989605
2009-03-26,318.20933840375363,8890.165341752567,-1.1596801563209738
2009-03-27,-255.45362630751146,8889.836077824382,-1.1766185168708034
2009-03-28,-1132.361863584122,8889.498877068614,-1.1934714844919654
2009-03-29,-1322.5196326605,8889.153619135974,-1.210236475473721
2009-03-30,-255.6178705039344,8888.800198419498,-1.2269109155640763
2009-03-31,-128.13524933849965,8888.43853357929,-1.2434922407901468
2009-04-01,-101.57734152241126,8888.06856942043,-1.2599778980165866
2009-04-02,-58.33804282187231,8887.690241167495,-1.2763653456222528
2009-04-03,-2.309969314790336,8887.303454368983,-1.2926520541914215
2009-04-04,-1050.7278355950866,8886.908129102074,-1.3088355069885438
2009-04-05,-1299.616583827998,8886.504205028665,-1.3249132006658328
2009-04-06,-447.5992949021043,8886.091635547742,-1.3408826456379757
2009-04-07,-279.13803251103326,8885.670398877899,-1.3567413668661175
2009-04-08,-371.2357097299369,8885.240488634065,-1.3724869041270722
2009-04-09,-491.86668408467074,8884.801883897308,-1.3881168126372359
2009-04-10,-1470.7946510658583,8884.354529729393,-1.4036286635346187
2009-04-11,-1353.8370752568326,8883.898387301095,-1.419020044260833
2009-04-12,-1675.2572811421264,8883.433444701142,-1.4342885590158403
2009-04-13,-1398.9308826860665,8882.959689515195,-1.4494318291290256
2009-04-14,-520.7695478111633,8882.477120304808,-1.4644474936430925
2009-04-15,-468.8014210729916,8881.98575428238,-1.479333209388642
2009-04-16,-502.5379631308848,8881.485591782504,-1.4940866516208189
2009-04-17,-588.672058773141,8880.976597287256,-1.508705514113899
2009-04-18,-1173.3359883311173,8880.458758840845,-1.523187509726995
2009-04-19,-1382.3785367535759,8879.932109124064,-1.5375303704877297
2009-04-20,-559.5953790422367,8879.396693890307,-1.5517318480688118
2009-04-21,-368.9797111119868,8878.852583825908,-1.5657897139226407
2009-04-22,-379.85956434480534,8878.299891104454,-1.5797017596487422
2009-04-23,-318.285671847864,8877.738720645068,-1.5934657972047717
2009-04-24,-363.36290458511235,8877.169151244185,-1.607079659072042
2009-04-25,-1193.474038582483,8876.591246781078,-1.6205411985938554
2009-04-26,-1223.422894535565,8876.00507582574,-1.6338482901755924
2009-04-27,-227.94786302877998,8875.410694858128,-1.6469988293483766
2009-04-28,-67.17212255858846,8874.808155291767,-1.659990733178347
2009-04-29,115.19719108173443,8874.19750585848,-1.6728219402139075
2009-04-30,174.15589361982592,8873.578763791034,-1.6854904108604387
2009-05-01,20.754421170274057,8872.951905957121,-1.6979941273948498
2009-05-02,-700.0389046826824,8872.31694377696,-1.7103310942766257
2009-05-03,-961.162473422398,8871.673930760498,-1.7224993381005334
2009-05-04,-102.49697282315522,8871.022927731057,-1.7344969079022121
2009-05-05,49.64084700794326,8870.364016867332,-1.7463218752764078
2009-05-06,12.205027597137914,8869.697319737266,-1.7579723344042577
2009-05-07,37.431891973056025,8869.022971429265,-1.769446402320682
2009-05-08,-21.141196016412835,8868.341105235366,-1.7807422189525823
2009-05-09,-657.0952362924177,8867.651886239668,-1.7918579472498095
2009-05-10,-886.521234100469,8866.955483873871,-1.8027917734016228
2009-05-11,94.07938647664818,8866.252072430194,-1.813541906842147
2009-05-12,358.5255806658337,8865.541858914556,-1.8241065803886158
2009-05-13,245.422735219144,8864.825081831334,-1.8344840504778404
2009-05-14,253.0697769782779,8864.101978618904,-1.84467259718258
2009-05-15,116.18585037027293,8863.372778154066,-1.8546705243388715
2009-05-16,-628.3511951468648,8862.637754306645,-1.8644761597806792
2009-05-17,-712.9814481997066,8861.897203055047,-1.8740878553398943
2009-05-18,209.7293884483181,8861.151407538764,-1.883503987082804
2009-05-19,256.73519075910923,8860.40065719634,-1.8927229554483347
2009-05-20,213.51667622777953,8859.645274957567,-1.9017431853480957
2009-05-21,253.63894506926053,8858.885576057108,-1.910563126368288
2009-05-22,182.5794233340957,8858.12184091886,-1.9191812529552408
2009-05-23,-600.8817620624719,8857.354358126964,-1.9275960644918086
2009-05-24,-961.055348854974,8856.58344694065,-1.935806085675722
2009-05-25,-56.101885971098596,8855.809445837569,-1.943809866470474
2009-05-26,127.21076288979812,8855.032718092678,-1.9516059824745753
2009-05-27,241.2944938398424,8854.253657195293,-1.9591930351361952
2009-05-28,284.98266160267866,8853.472658049204,-1.9665696518823097
2009-05-29,402.6573817287052,8852.690102757735,-1.9737344864388433
2009-05-30,-30.793849323914834,8851.90641054301,-1.980686219096242
2009-05-31,-343.08691073173605,8851.122042288667,-1.9874235569313896
2009-06-01,555.7291691905117,8850.33748404356,-1.9939452340731805
2009-06-02,545.9617649660371,8849.553277046047,-2.000250012084507
2009-06-03,422.9094268861449,8848.77003479406,-2.0063366802060045
2009-06-04,421.74030377970297,8847.988370604362,58.15028361593431
2009-06-05,314.6721824992253,8847.208865645724,-13.422298144949309
2009-06-06,-157.15052210408072,8846.432127383094,8.935061720987505
2009-06-07,-620.1808047823877,8845.658779624893,199.52452515749428
2009-06-08,-456.452120661155,8844.889414596684,132.0979140644704
2009-06-09,666.8126943243637,8844.124586873713,278.35188580192334
2009-06-10,1302.9791383440881,8843.364830383904,74.71270127200842
2009-06-11,1314.6952332377841,8842.610628492146,324.07205827007056
2009-06-12,1113.152885085412,8841.862424897181,401.7469800174076
2009-06-13,463.4038304346283,8841.12065264295,250.2015589224211
2009-06-14,295.6988402371835,8840.385713351703,222.7621134111123
2009-06-15,838.3030080002397,8839.657974051579,271.60839294818106
2009-06-16,1336.9723083027993,8838.937776238678,59.49804545852203
2009-06-17,1023.3596127747978,8838.225438143101,198.6466190821011
2009-06-18,900.8897810132552,8837.521253186755,344.63125579998996
2009-06-19,725.8559648297035,8836.82549874787,271.44499442242704
2009-06-20,180.02463940746532,8836.138486807038,181.09270678549547
2009-06-21,-466.1062778894245,8835.460553192965,308.6736416964595
2009-06-22,216.47369082062423,8834.792027081763,317.7826150976125
2009-06-23,840.7751943227105,8834.1332179789,-56.504870301610936
2009-06-24,1005.0477968932155,8833.484434710908,41.96797639587567
2009-06-25,1009.7441655939273,8832.845998293758,171.97233611231422
2009-06-26,823.8907290923061,8832.218212102076,166.99835080561934
2009-06-27,339.5693824457204,8831.601399821337,73.59588473294207
2009-06-28,-200.16863839565806,8830.995925582998,111.52562981266055
2009-06-29,375.5193374090216,8830.40216866072,254.09120193025956
2009-06-30,744.9772314080683,8829.82049681554,-9.0725202236099
2009-07-01,403.93958019201574,8829.251243804045,-23.167490996062043
2009-07-02,578.818716498571,8828.694693014313,7.186590487117428
2009-07-03,918.5899075252622,8828.151068858937,-58.57805938419915
2009-07-04,531.829814797731,8827.620588635522,-184.73040343325374
2009-07-05,-38.6511883338903,8827.103451553681,89.91106978020798
2009-07-06,1061.444949899343,8826.599800882048,349.8604592186093
2009-07-07,1458.4448364730267,8826.109743664963,112.83416986200973
2009-07-08,1288.8265027464433,8825.633345587446,130.22328166610896
2009-07-09,1329.1968211584337,8825.17059870436,-40.959709862794625
2009-07-10,1081.6679798295656,8824.721397928033,-108.18604475760003
2009-07-11,529.1374567038447,8824.285590475221,-112.18283917906592
2009-07-12,50.54877916034755,8823.863026490846,47.71486134880615
2009-07-13,516.5382653894693,8823.453559445308,179.4083831652224
2009-07-14,969.2724416558783,8823.057025632277,80.5230327118461
2009-07-15,854.5506322756753,8822.673254746602,241.2561129777223
2009-07-16,930.9542684892895,8822.302066197908,271.8351253128021
2009-07-17,818.0290749010383,8821.943254307636,168.74892079132587
2009-07-18,245.49730358290466,8821.596586474736,74.63256794235895
2009-07-19,-275.9734113412016,8821.261809052587,164.16868528861414
2009-07-20,526.0301260191023,8820.938625916999,172.1018730638989
2009-07-21,815.7872504064202,8820.626684407449,-132.47664281386824
2009-07-22,493.9524586161077,8820.325561303103,-231.5971869192108
2009-07-23,861.1081418210046,8820.034751154648,-235.1249759756538
2009-07-24,1073.7160813952578,8819.753666834522,-214.44391522978003
2009-07-25,558.494356308471,8819.4817015274,-303.6470998358709
2009-07-26,465.781022960012,8819.218269924608,-28.229500884621302
2009-07-27,1000.8400133278866,8818.96283135055,-9.024511678435374
2009-07-28,1462.7776220811356,8818.714850282475,-437.46372236361094
2009-07-29,1215.2641044216305,8818.473758300077,-255.87890472170693
2009-07-30,1112.4102365563904,8818.238923884493,-109.79457744088359
2009-07-31,995.7013976222581,8818.009639129727,-213.45686975198623
2009-08-01,387.8623590277145,8817.78515993017,-304.58981095788477
2009-08-02,-96.991713850933,8817.56475936968,-23.40387851874584
2009-08-03,531.5184525238016,8817.347757275278,172.54816520092027
2009-08-04,1154.225918637807,8817.133515054493,-194.16172569230002
2009-08-05,1103.3618699873505,8816.921401965164,-176.08035495251352
2009-08-06,909.6966367549977,8816.71074139503,-183.9675861500291
2009-08-07,843.5871667673874,8816.500809281652,-251.03235104903797
2009-08-08,537.9228797389536,8816.29091990832,-318.3735916472742
2009-08-09,306.4547758917325,8816.080462685648,-158.58065557737973
2009-08-10,1214.5232480496556,8815.868857641655,-194.19064769131182
2009-08-11,1580.1113693139055,8815.655534406069,-521.3889867199741
2009-08-12,1027.7141762166193,8815.439979263976,-371.58873848059557
2009-08-13,779.4008913658571,8815.22173423442,-211.54179260027558
2009-08-14,709.4354696563607,8815.199485097932,-276.11953775429174
2009-08-15,-61.51460669564946,8815.1576048945,-267.0534151988504
2009-08-16,-612.6851231604142,8815.096797091406,-167.40104893099124
2009-08-17,8.59638522050702,8815.017791595606,-55.9164688161145
2009-08-18,913.5330770544548,8814.921339186878,-350.2564992413336
2009-08-19,783.3503509899092,8814.808205258722,-208.4062642486315
2009-08-20,582.1603812950433,8814.67916626043,-177.2895475554742
2009-08-21,349.5168704732973,8814.53500222986,-179.79874770315837
2009-08-22,-129.79356848157343,8814.376489852222,-410.1310463706486
2009-08-23,-674.4931046348433,8814.20439746931,-319.9360848344659
2009-08-24,19.204006904766153,8814.019482417872,-161.1699473226381
2009-08-25,451.23074249043844,8813.822485975514,-436.72427046595294
2009-08-26,378.14108736833106,8813.614128791498,-245.0441741598279
2009-08-27,349.60652057261944,8813.395110242864,-265.7476728154834
2009-08-28,312.23478095564803,8813.166105249753,-317.2950532054019
2009-08-29,-328.50137517802034,8812.927762849873,-363.73180467185193
2009-08-30,-796.5301119593146,8812.680706111561,-199.78726115224708
2009-08-31,16.86009425572779,8812.425531957195,25.227290787077436
2009-09-01,350.7122169753787,8812.162809251566,-209.66773422694496
2009-09-02,266.39412496440525,8811.893077407116,-154.1319943715207
2009-09-03,302.77059343877187,8811.61684871878,-124.43556715755221
2009-09-04,33.771151098146184,8811.334609225543,-168.51638532368997
2009-09-05,-476.99961792878713,8811.046819450848,-341.1761595220614
2009-09-06,-620.4118953853646,8810.753916199632,-353.59931281426725
2009-09-07,-8.039223455245713,8810.456315218998,86.08457523624747
2009-09-08,373.63489471015157,8810.154411755544,-231.5313894656956
2009-09-09,354.60989504762205,8809.848578734762,-152.04701578238382
2009-09-10,311.9553201570228,8809.539169520604,-176.59657267762668
2009-09-11,171.41282911764688,8809.22651907714,-191.36914019478718
2009-09-12,-669.8545291800908,8808.910945104504,-187.16641592441374
2009-09-13,-1303.0347363221765,8808.592749210049,41.64469511212701
2009-09-14,-543.1714429360359,8808.272217441303,204.56547549473362
2009-09-15,-39.931610784159034,8807.94961925513,-131.81425847097125
2009-09-16,-197.908874328983,8807.62520758521,-59.1094582562273
2009-09-17,5.571536150546972,8807.29922186346,-114.33013301400752
2009-09-18,-205.20576225638996,8806.971889034212,-110.05841877782223
2009-09-19,-905.4944888015481,8806.64342457245,-126.69143577090108
2009-09-20,-1303.9909314842384,8806.314033277551,9.803148206687183
2009-09-21,-609.3871230430536,8805.983909795817,251.64258824723584
2009-09-22,-5.95328042034657,8805.653237962024,-118.62308254167692
2009-09-23,-243.85881750557886,8805.322190270474,-102.38670576489494
2009-09-24,-268.0671417882542,8804.990930533308,-66.43899674505337
2009-09-25,-264.73765566256884,8804.65961481795,-50.30237615538135
2009-09-26,-764.0456844838053,8804.328391618938,-131.72729013513344
2009-09-27,-997.718717732585,8803.997402262627,104.07235746995866
2009-09-28,-366.0016441245931,8803.66678142412,195.87277970047398
2009-09-29,-3.8264494952426533,8803.336656067342,-115.68249857209958
2009-09-30,-9.070914561389284,8803.007145454161,-173.08956389277228
2009-10-01,-126.9232252154942,8802.678363354129,3.7413198613649
2009-10-02,-283.3740186619531,8802.35041886184,-64.63306719988759
2009-10-03,-492.1156456469586,8802.023415805177,-287.3929781582192
2009-10-04,-1125.7982198993404,8801.697453471561,106.83409942778053
2009-10-05,-1230.9123349673691,8801.372627622834,151.818457344536
2009-10-06,-424.2226471507817,8801.049028730104,199.22528542067812
2009-10-07,-65.27127665882306,8800.726741399372,58.871410259451295
2009-10-08,-45.42458908833422,8800.405844550989,78.22291153734477
2009-10-09,-10.814216198543177,8800.086412373954,60.270303824589064
2009-10-10,-648.6982800806654,8799.768514669544,24.820807411120768
2009-10-11,-1142.3210695785322,8799.452217182323,151.8209353962102
2009-10-12,-480.0822564889446,8799.13758183836,260.67467465058326
2009-10-13,-83.79381852089935,8798.8246661823,-202.87313966140027
2009-10-14,-294.0746899426106,8798.513523466389,-24.798208523778158
2009-10-15,-367.34205788212984,8798.204204827109,68.1895200550207
2009-10-16,-306.26681903827375,8797.896758946003,0.5350600922720332
2009-10-17,-768.1496380740015,8797.591231560495,-81.66471848649417
2009-10-18,-1269.4250174103756,8797.28766591384,127.346101496536
2009-10-19,-441.9102333125822,8796.986103088904,172.42308822367886
2009-10-20,-3.3504502769350344,8796.686581136759,-81.7955058598236
2009-10-21,-50.777070887884285,8796.389135050378,168.99126883750432
2009-10-22,-126.78585730190731,8796.093797752244,-7.140648450336812
2009-10-23,53.34892473559194,8795.8005995063,-100.74223224189154
2009-10-24,-821.5624094743004,8795.50956867081,-79.49840919651069
2009-10-25,-1294.8347314917994,8795.220732387816,128.64066610398368
2009-10-26,-379.8213565985996,8794.934116397211,241.37619820138752
2009-10-27,200.84603398461542,8794.64974398565,-253.40452797026592
2009-10-28,-173.88385741749883,8794.367635903041,44.39663851445766
2009-10-29,-141.6497041122274,8794.087812233984,61.4979338782432
2009-10-30,5.906773007329275,8793.810291617821,-5.763522625151381
2009-10-31,-510.2375570855291,8793.535090971463,-261.0217008859345
2009-11-01,-1078.075971129169,8793.262226118737,158.42187001043203
2009-11-02,-16.145474122184407,8792.991712565397,291.3593865567873
2009-11-03,889.5799451354067,8792.723563801395,-22.027258936801445
2009-11-04,-64.5827486630937,8792.457790684344,89.40995797874893
2009-11-05,-156.57387535643716,8792.194402634055,55.67988972238163
2009-11-06,-164.33373289137324,8791.933407577955,-76.68009168658136
2009-11-07,-802.6997188934737,8791.67481217335,-105.4050932798782
2009-11-08,-1169.1385461630312,8791.418622487437,118.15138167559417
2009-11-09,-199.7890841553218,8791.164844041263,268.27486511405914
2009-11-10,306.161344797418,8790.9134807499,-126.22982554731789
2009-11-11,228.21183669402427,8790.664534525626,37.549670780348606
2009-11-12,455.721059865908,8790.418006680327,57.813433453764446
2009-11-13,102.56878219830817,8790.173897649425,-99.45809684773303
2009-11-14,-258.8698136127365,8789.932206931771,-262.1571853190344
2009-11-15,-887.7835068034973,8789.692933928429,169.8107808750683
2009-11-16,468.3173843002979,8789.456078337453,468.241537362248
2009-11-17,90.45314186003576,8789.22163820822,13.847719931742176
2009-11-18,-11.496518060265576,8788.989608781885,192.28878427838026
2009-11-19,733.2721463047857,8788.759983964777,358.25578673043674
2009-11-20,1334.5783241824133,8788.532755926812,359.733299890775
2009-11-21,372.2698044164993,8788.307914283949,115.80332329955309
2009-11-22,277.8839566769419,8788.08544624671,437.4028890763475
2009-11-23,-175.76342284322072,8787.865337356736,269.7051684864855
2009-11-24,-71.00749985534539,8787.647570634274,-12.990487778928582
2009-11-25,317.6606409270052,8787.432127296217,237.7624397767795
2009-11-26,579.8841936074706,8787.218987875143,251.90369351738445
2009-11-27,693.4657535227384,8787.008131485229,193.26194799203404
2009-11-28,132.64491682975884,8786.799535606246,156.81283956399602
2009-11-29,-854.8342343843681,8786.593176386492,261.46772499787767
2009-11-30,-436.59816628242066,8786.389028777317,315.41601250510394
2009-12-01,-122.4147409441593,8786.18706611558,-191.4308671714207
2009-12-02,-221.1183091257266,8785.987260354961,-32.02811822923468
2009-12-03,51.453749811468,8785.78958395026,-26.109166761727465
2009-12-04,-103.23149944947404,8785.594009707924,71.1760317415501
2009-12-05,-593.9424345363682,8785.400510496245,-121.41036795987748
2009-12-06,-771.1021560787717,8785.20905904168,17.493722037092084
2009-12-07,701.7598909427677,8785.019628480797,496.230063576435
2009-12-08,843.0093346823423,8784.832191491361,154.51493182629565
2009-12-09,229.87747610215936,8784.646718550897,-6.472319653057639
2009-12-10,364.56929964159036,8784.463179058555,72.4183542998544
2009-12-11,34.844572681640074,8784.281542285182,66.85534303317763
2009-12-12,-491.8648699576892,8784.101777224796,9.056009732894381
2009-12-13,-655.2364538506433,8783.923852604217,157.0394762464257
2009-12-14,-284.5658256302198,8783.747736981724,407.8078806484955
2009-12-15,324.09940393646684,8783.57339793966,67.18907312387455
2009-12-16,927.5794120206368,8783.400801266804,218.15457871255967
2009-12-17,1605.9837594080275,8783.229911983148,328.04945860882435
2009-12-18,210.00560740082162,8783.060693962778,-35.18505136359818
2009-12-19,-623.3345721261277,8782.893109719134,46.74000440699456
2009-12-20,-1410.6540646645358,8782.727121740072,354.52735992446287
2009-12-21,-177.39074277556713,8782.562692202477,421.71742557309153
2009-12-22,756.4785077400086,8782.399781533677,57.28587772631545
2009-12-23,822.2078394269234,8782.238348215918,92.49547935715782
2009-12-24,450.89880387487244,8782.078350236869,59.96117888825938
2009-12-25,-1590.1239309726566,8781.91974536597,78.90106060668586
2009-12-26,-1826.0151678102116,8781.762491239097,-62.56211542888559
2009-12-27,-1533.3143107239353,8781.606545467497,-25.306401743562674
2009-12-28,-1141.7275360694612,8781.45186618171,-13.058288112248192
2009-12-29,-726.0338191759862,8781.298412007234,30.81019916875266
2009-12-30,-703.4894198297699,8781.1461419226,62.094110907170034
2009-12-31,-605.1794583281785,8780.995015023904,8.302568304274246
2010-01-01,-1157.527298032703,8780.84499040302,178.0352246296825
2010-01-02,-1028.3908233032746,8780.696027164007,265.1545881392667
2010-01-03,-1625.1466438081875,8780.548083653584,244.4981431546039
2010-01-04,-743.891748138333,8780.40111693024,205.2108392080936
2010-01-05,253.23273315344082,8780.255082814776,-205.67469096821696
2010-01-06,443.4367357349346,8780.109936547164,-201.8247972820991
2010-01-07,124.75182726470258,8779.965634634405,-337.8699618991086
2010-01-08,-15.305674685546176,8779.822135425567,162.29458125997735
2010-01-09,61.80072653961376,8779.679399144172,400.980082316215
2010-01-10,-253.8898970490055,8779.537385543128,575.3931365058779
2010-01-11,277.10977986783854,8779.396052100275,527.7141680318855
2010-01-12,1700.3095798336822,8779.255353042714,256.77798712360345
2010-01-13,1008.9610463102504,8779.115239690907,-16.506286001158514
2010-01-14,439.4927654699682,8778.975662058247,-408.0032195282147
2010-01-15,521.933758735935,8778.836570839963,-312.0382465758976
2010-01-16,-229.28744829899856,8778.69791938513,-178.42734608612955
2010-01-17,-1060.5745078448442,8778.559663536616,197.45151130822705
2010-01-18,-488.3617290259647,8778.421760470834,236.37892655513133
2010-01-19,-3.161901556725385,8778.284166770143,-248.01309821341783
2010-01-20,580.879229031843,8778.146838378387,-386.66252541023096
2010-01-21,1503.2439062570709,8778.009732959688,-323.30238921675846
2010-01-22,2110.0149833773025,8777.872811021185,-142.46341439848766
2010-01-23,1270.28396740099,8777.73603555554,-468.70708595653014
2010-01-24,-258.6314114378073,8777.59937149697,-453.6994180591628
2010-01-25,255.5421058038839,8777.462787019625,271.51260717648984
2010-01-26,344.30218708033686,8777.326252978599,173.34239294106374
2010-01-27,943.3520467996805,8777.189739564943,-149.19970336462393
2010-01-28,808.368986363677,8777.053216303468,-110.88511966714577
2010-01-29,772.0224100056049,8776.916653665934,-151.988230671539
2010-01-30,-58.260057903355545,8776.780023319912,-328.7582984165565
2010-01-31,-58.15449490113219,8776.643298491144,-277.8704705900127
2010-02-01,821.488859786586,8776.506454803497,-32.92177259008349
2010-02-02,924.7317501287357,8776.36946993976,-560.1222620684966
2010-02-03,919.6153668890075,8776.23232302678,-306.42331491578625
2010-02-04,1049.3214113770935,8776.09499660587,-300.9686999829646
2010-02-05,1326.573803473932,8775.957476015463,-487.2669044893937
2010-02-06,284.4121093793086,8775.819749278446,-808.9112336577537
2010-02-07,-22.03982978325278,8775.681808417688,-647.9113536344357
2010-02-08,1099.192325549192,8775.543651084798,-359.88430963398787
2010-02-09,1252.9540474386054,8775.405279781058,-209.74599421966377
2010-02-10,1091.8297023553225,8775.266700010367,161.54005763431087
2010-02-11,1071.487544921892,8775.127918681455,327.38953639665124
2010-02-12,1174.052400958589,8774.988941817566,335.1005372238433
2010-02-13,-209.28161097299102,8774.849773230226,95.60433774276498
2010-02-14,-581.7171869631004,8774.710414577232,240.38093938586826
2010-02-15,527.2273881742385,8774.57086639973,391.61112042603054
2010-02-16,295.04105583363764,8774.431127483227,-58.89343331686359
2010-02-17,136.2011336227454,8774.291194474275,78.69871390297885
2010-02-18,54.1752255990681,8774.151063853962,27.15100254696881
2010-02-19,145.52172234471,8774.010731870492,-57.33724621520378
2010-02-20,-197.5821745315321,8773.870194741154,-108.21072820962218
2010-02-21,-272.0965072849363,8773.729449234188,312.3206000507471
2010-02-22,1192.8987806416583,8773.588492485766,493.01293687257566
2010-02-23,974.3429737343005,8773.447319579955,-187.8577933142551
2010-02-24,295.2767372881925,8773.305922934704,-187.13641022289448
2010-02-25,178.79110470176917,8773.164295724984,-29.888525426753404
2010-02-26,85.37322786768766,8773.022432581032,35.36808955128072
2010-02-27,-200.9034672818114,8772.88032863913,-19.764569357319488
2010-02-28,-612.9713931619513,8772.737979049472,63.394664112478495
