date,new_avg_load
2006-01-04,6071.972497291537
2006-01-05,6924.646931154562
2006-01-06,7193.738597443917
2006-01-07,6897.759382766558
2006-01-08,6978.440386288197
2006-01-09,8635.859856107993
2006-01-10,9517.43963640054
2006-01-11,8807.85153785841
2006-01-12,8321.422707238984
2006-01-13,8255.688995183591
2006-01-14,7423.489311463942
2006-01-15,6689.418548704547
2006-01-16,8111.003744810417
2006-01-17,7312.517898698462
2006-01-18,6990.122493404149
2006-01-19,7520.389832187749
2006-01-20,8061.365073351189
2006-01-21,8163.154707762622
2006-01-22,8224.21214503559
2006-01-23,8393.409804329864
2006-01-24,7131.610271283892
2006-01-25,7643.772339075677
2006-01-26,7714.9043795698635
2006-01-27,9016.985042862152
2006-01-28,8001.56707659338
2006-01-29,7689.988248901592
2006-01-30,8084.548858996265
2006-01-31,8755.321921212068
2006-02-01,10204.310328248366
2006-02-02,8819.65198369922
2006-02-03,7779.87312956543
2006-02-04,6953.165905792319
2006-02-05,7357.698434350562
2006-02-06,7818.134982895333
2006-02-07,7186.85420025077
2006-02-08,8233.55578866652
2006-02-09,7807.3757930497495
2006-02-10,7591.521842469333
2006-02-11,7507.05274555033
2006-02-12,7388.771959687193
2006-02-13,7832.6789536888355
2006-02-14,7993.922641603764
2006-02-15,8040.192071427936
2006-02-16,8698.386253450039
2006-02-17,9680.628919219984
2006-02-18,8861.728027103447
2006-02-19,7684.020691571179
2006-02-20,8446.366185733668
2006-02-21,8200.267825132587
2006-02-22,8461.113432923754
2006-02-23,8487.01846130939
2006-02-24,8621.8435417965
2006-02-25,7911.128798511018
2006-02-26,6726.623625191429
2006-02-27,7494.059232447148
2006-02-28,7745.669500636218
2006-03-01,7906.484165636532
2006-03-02,7888.798636187201
2006-03-03,7649.104195969092
2006-03-04,6831.292600180763
2006-03-05,7191.502518602511
2006-03-06,8293.982601711588
2006-03-07,7878.879774558519
2006-03-08,8308.308559625277
2006-03-09,8666.314366761357
2006-03-10,8400.092257364244
2006-03-11,7784.028457762202
2006-03-12,8156.887819694612
2006-03-13,8436.229708858678
2006-03-14,7876.517971969066
2006-03-15,8372.322410785473
2006-03-16,7916.258505304677
2006-03-17,7507.281899523261
2006-03-18,7141.107653254408
2006-03-19,6483.384189558501
2006-03-20,6748.195502416801
2006-03-21,6930.8514536289795
2006-03-22,6919.925348249851
2006-03-23,6806.249820484722
2006-03-24,6731.027446057242
2006-03-25,5943.892393122453
2006-03-26,6047.602698322124
2006-03-27,7439.999476444455
2006-03-28,7461.727441245791
2006-03-29,7437.431459538217
2006-03-30,7062.633532136851
2006-03-31,6072.816995751792
2006-04-01,4892.327886390892
2006-04-02,5192.866588475943
2006-04-03,7047.159313339468
2006-04-04,7820.952545962551
2006-04-05,6377.259183400048
2006-04-06,6116.602584919204
2006-04-07,5815.016327720472
2006-04-08,5276.42580098427
2006-04-09,5267.596576801281
2006-04-10,7073.458547857326
2006-04-11,8115.599112756015
2006-04-12,6948.983801625069
2006-04-13,7019.64371709915
2006-04-14,5538.908341786693
2006-04-15,4560.769361184831
2006-04-16,4825.360369704183
2006-04-17,6072.1677156651895
2006-04-18,7580.077266999029
2006-04-19,7732.1811163433895
2006-04-20,5913.553268090296
2006-04-21,4718.828842106755
2006-04-22,4542.623334050331
2006-04-23,4780.719622934143
2006-04-24,4876.82622334288
2006-04-25,4712.676122925005
2006-04-26,5230.156412618312
2006-04-27,5729.750531346429
2006-04-28,6083.473849735064
2006-04-29,5425.588085336157
2006-04-30,5114.786528143005
2006-05-01,5772.108265737413
2006-05-02,6229.3176082175905
2006-05-03,6236.5638442394475
2006-05-04,5755.163595286718
2006-05-05,5674.815966443517
2006-05-06,5392.608533878305
2006-05-07,4177.347975457801
2006-05-08,4888.085905450899
2006-05-09,5973.229174394422
2006-05-10,5434.602181627031
2006-05-11,5197.036195253457
2006-05-12,5396.870819788909
2006-05-13,4834.114558776814
2006-05-14,4810.025426022108
2006-05-15,5700.367844612499
2006-05-16,5757.788281833583
2006-05-17,5671.225213750471
2006-05-18,5790.21477771711
2006-05-19,5665.780911832498
2006-05-20,4905.667802283654
2006-05-21,4297.897842812398
2006-05-22,4054.9170239399255
2006-05-23,5908.550192240973
2006-05-24,5518.764581897814
2006-05-25,5226.884707853566
2006-05-26,4885.951334026109
2006-05-27,4502.883075391776
2006-05-28,4064.629227364401
2006-05-29,4391.099829193822
2006-05-30,5021.5504568031365
2006-05-31,5476.236861177886
2006-06-01,4229.758250875873
2006-06-02,5331.241351078391
2006-06-03,4541.673124616054
2006-06-04,3656.5421562499996
2006-06-05,4750.360856919627
2006-06-06,5047.79647215545
2006-06-07,5051.032153111647
2006-06-08,4938.710128781047
2006-06-09,5072.901598958333
2006-06-10,4076.6871131013872
2006-06-11,3667.5551980610035
2006-06-12,4242.938790569861
2006-06-13,4493.516553970961
2006-06-14,4267.713599459005
2006-06-15,4687.267960796268
2006-06-16,4507.146015799582
2006-06-17,4265.952303260623
2006-06-18,4316.266048462724
2006-06-19,5296.529140790248
2006-06-20,5001.559876176881
2006-06-21,5128.193810763889
2006-06-22,4973.179206710829
2006-06-23,5091.088078592414
2006-06-24,3955.966184061163
2006-06-25,3882.5536323758356
2006-06-26,4573.8164161729965
2006-06-27,4570.119236127953
2006-06-28,4804.97356455224
2006-06-29,4090.7621827498356
2006-06-30,5309.156731812062
2006-07-01,4634.000508806553
2006-07-02,4436.0153633553255
2006-07-03,5000.301603899572
2006-07-04,4956.336077204364
2006-07-05,5082.614931123132
2006-07-06,4416.096017111447
2006-07-07,4215.1307189223535
2006-07-08,3828.297534611499
2006-07-09,4441.588460412684
2006-07-10,6382.840700451309
2006-07-11,5201.592835270691
2006-07-12,4142.533528458539
2006-07-13,4798.398518487731
2006-07-14,5591.114847839878
2006-07-15,4962.54739136835
2006-07-16,4542.166138613447
2006-07-17,4867.930288511619
2006-07-18,4052.0682932531527
2006-07-19,4005.3656324297913
2006-07-20,4862.141630625693
2006-07-21,4762.214706372014
2006-07-22,4533.651952032153
2006-07-23,4523.620381543802
2006-07-24,5496.314563443178
2006-07-25,5089.515356002937
2006-07-26,5388.5404944706015
2006-07-27,5266.4739552564315
2006-07-28,5396.44020814855
2006-07-29,4833.001523716807
2006-07-30,4264.556125821984
2006-07-31,4744.272509757738
2006-08-01,4215.282954568654
2006-08-02,4841.941054060716
2006-08-03,4232.144395415999
2006-08-04,5175.546924979969
2006-08-05,4816.03925370593
2006-08-06,4519.392923828124
2006-08-07,4762.6743177504795
2006-08-08,4995.529945003402
2006-08-09,5011.436882620304
2006-08-10,4747.098609722711
2006-08-11,4841.189901078523
2006-08-12,4781.482542107664
2006-08-13,4750.2324852620095
2006-08-14,4865.98089484646
2006-08-15,5422.254785701971
2006-08-16,6740.339200871394
2006-08-17,5987.981232196399
2006-08-18,4925.911059359686
2006-08-19,4469.816012533974
2006-08-20,4647.658449488741
2006-08-21,5912.513345492017
2006-08-22,5626.097392728364
2006-08-23,5549.392343466215
2006-08-24,5662.980786116163
2006-08-25,4955.76203500601
2006-08-26,4862.688318102104
2006-08-27,4753.7779833984405
2006-08-28,5581.925963724366
2006-08-29,6390.246930239215
2006-08-30,5875.64367991286
2006-08-31,6366.043274889826
2006-09-01,7144.097848028201
2006-09-02,6755.743411558493
2006-09-03,4807.903782301683
2006-09-04,5257.2113537493315
2006-09-05,5304.986066402437
2006-09-06,4694.804219336441
2006-09-07,5321.251772168804
2006-09-08,4710.1267198768055
2006-09-09,4775.139519230768
2006-09-10,4780.879929487181
2006-09-11,5224.641607555425
2006-09-12,5678.557039388019
2006-09-13,5634.48518714671
2006-09-14,5862.470004050521
2006-09-15,5607.696603469131
2006-09-16,5296.394517543054
2006-09-17,5635.535935020348
2006-09-18,7152.517665876229
2006-09-19,7809.504902536263
2006-09-20,6459.924029947917
2006-09-21,7480.174765567767
2006-09-22,7646.176442271022
2006-09-23,7375.987196184389
2006-09-24,4915.216323809762
2006-09-25,5740.730709785656
2006-09-26,6772.609815304486
2006-09-27,6069.501663136018
2006-09-28,6216.855186047677
2006-09-29,5504.650996638323
2006-09-30,4929.331529748472
2006-10-01,5279.559713913819
2006-10-02,5109.4317681623925
2006-10-03,5596.100237913994
2006-10-04,6451.93225609209
2006-10-05,5814.383526659322
2006-10-06,6339.45355515619
2006-10-07,5773.827903008159
2006-10-08,4557.6223159555275
2006-10-09,4901.581330028045
2006-10-10,6061.5867431913675
2006-10-11,7109.560530083561
2006-10-12,9111.578418219151
2006-10-13,9535.904756786567
2006-10-14,6250.877540397969
2006-10-15,4798.959108690573
2006-10-16,5825.620589743593
2006-10-17,8042.733540930207
2006-10-18,7013.385442474622
2006-10-19,7477.249874549279
2006-10-20,5161.194321940105
2006-10-21,4519.329529447116
2006-10-22,4765.737720894088
2006-10-23,5916.854345664642
2006-10-24,6720.085835581129
2006-10-25,5724.8897058627135
2006-10-26,7031.971786730119
2006-10-27,5688.566659763957
2006-10-28,4535.019384528316
2006-10-29,5093.090847116401
2006-10-30,6736.87830520669
2006-10-31,6906.669300501115
2006-11-01,7436.723640444976
2006-11-02,6615.643726963145
2006-11-03,5887.671814027442
2006-11-04,5032.170117145765
2006-11-05,5303.014817457935
2006-11-06,5640.607653514033
2006-11-07,5556.978889690172
2006-11-08,5257.884217097358
2006-11-09,5929.6068200342415
2006-11-10,7212.195985213888
2006-11-11,6642.501689152644
2006-11-12,6926.422198788183
2006-11-13,6032.419033578727
2006-11-14,6275.809332014557
2006-11-15,4118.8154203987015
2006-11-16,5222.0990669769335
2006-11-17,5879.545197684605
2006-11-18,6126.972687116049
2006-11-19,6599.552661453705
2006-11-20,9349.770695117024
2006-11-21,10534.19521890641
2006-11-22,7683.389149717458
2006-11-23,7409.360987279649
2006-11-24,7753.659922614447
2006-11-25,6841.3722504340285
2006-11-26,6144.990441523103
2006-11-27,8046.761121665601
2006-11-28,7693.935683643829
2006-11-29,6562.489783837471
2006-11-30,7951.286899115745
2006-12-01,7611.72055012725
2006-12-02,5289.9866796875
2006-12-03,5323.016946875846
2006-12-04,6409.345142947149
2006-12-05,7218.892150244712
2006-12-06,7280.1114166643465
2006-12-07,7583.717413785616
2006-12-08,7480.08539913862
2006-12-09,7051.493265641695
2006-12-10,7027.069608248197
2006-12-11,6465.8904478498935
2006-12-12,6681.864029997995
2006-12-13,8578.887306731895
2006-12-14,7069.497903155735
2006-12-15,6407.6321120459415
2006-12-16,5877.5848929589065
2006-12-17,5867.992616814427
2006-12-18,6835.240133258845
2006-12-19,6867.892428886218
2006-12-20,7346.997952473958
2006-12-21,7550.0052650240395
2006-12-22,7676.649788378075
2006-12-23,6200.18294806691
2006-12-24,6129.599132512019
2006-12-25,4649.016603507279
2006-12-26,4993.300036512279
2006-12-27,6424.4309153979675
2006-12-28,6547.036370910121
2006-12-29,6506.327187792134
2006-12-30,6084.5298984374995
2006-12-31,5865.285561097758
2007-01-01,5693.607724273311
2007-01-02,6589.156439052485
2007-01-03,6690.13305035557
2007-01-04,7103.79523357387
2007-01-05,7400.9250639210295
2007-01-06,7660.913076221939
2007-01-07,6287.554720615505
2007-01-08,6694.221546207266
2007-01-09,7079.666222030249
2007-01-10,7893.305435309509
2007-01-11,8720.083849287132
2007-01-12,8314.562942007213
2007-01-13,6667.382412459097
2007-01-14,6724.4578723874865
2007-01-15,8135.254701196921
2007-01-16,8541.498774114492
2007-01-17,8670.936881410255
2007-01-18,8748.69113519965
2007-01-19,8743.59198520436
2007-01-20,9686.098648493222
2007-01-21,9007.259358824402
2007-01-22,8766.43391030649
2007-01-23,8742.033107071318
2007-01-24,7809.707903579062
2007-01-25,8162.7731151258695
2007-01-26,7420.538196296314
2007-01-27,6592.967324308828
2007-01-28,6661.017749060478
2007-01-29,8759.445177990843
2007-01-30,8642.682946556164
2007-01-31,7704.529687499998
2007-02-01,7833.411245793266
2007-02-02,8200.787344601364
2007-02-03,7929.542921340815
2007-02-04,7508.9915375100145
2007-02-05,8865.588925781252
2007-02-06,8684.052894831726
2007-02-07,8400.12704578158
2007-02-08,8539.126837865584
2007-02-09,8511.130514222386
2007-02-10,7588.433266459669
2007-02-11,6524.453417125733
2007-02-12,7349.355436364851
2007-02-13,7695.131074118591
2007-02-14,7870.239597077787
2007-02-15,8604.467144305892
2007-02-16,8696.076342230905
2007-02-17,7912.442532301682
2007-02-18,7550.9773359042765
2007-02-19,8890.746189569978
2007-02-20,9031.186946125186
2007-02-21,8774.965340544873
2007-02-22,8647.388617538063
2007-02-23,8632.14717326055
2007-02-24,7303.97149313902
2007-02-25,6642.267503255206
2007-02-26,7725.939337319769
2007-02-27,8113.893594928224
2007-02-28,8132.0850296474355
2007-03-01,8488.925880807194
2007-03-02,9160.14562049279
2007-03-03,9106.945696290413
2007-03-04,7651.838275841347
2007-03-05,7599.5690656811175
2007-03-06,7379.275860580532
2007-03-07,7903.813579289549
2007-03-08,7544.354674963273
2007-03-09,6875.543423714594
2007-03-10,6741.574250114054
2007-03-11,6681.223399038465
2007-03-12,6826.105394631408
2007-03-13,6783.888872733376
2007-03-14,7372.9119960053395
2007-03-15,9396.328824665872
2007-03-16,8398.906068609023
2007-03-17,6951.137148888224
2007-03-18,6616.655772631983
2007-03-19,8182.191540235835
2007-03-20,8804.167954009748
2007-03-21,8875.054419404381
2007-03-22,9148.118388671877
2007-03-23,9133.06970126623
2007-03-24,6345.921847956731
2007-03-25,5921.907346913396
2007-03-26,6336.393312867254
2007-03-27,6653.500164641353
2007-03-28,7127.9328191773475
2007-03-29,6686.384117545495
2007-03-30,6143.625521327863
2007-03-31,5826.354337585943
2007-04-01,5929.705880402116
2007-04-02,6972.303091513086
2007-04-03,6789.50672981771
2007-04-04,6756.309855588605
2007-04-05,6054.665696940104
2007-04-06,4895.70251736111
2007-04-07,5239.617930799482
2007-04-08,5096.0534786487315
2007-04-09,5314.472047552227
2007-04-10,6242.967112578762
2007-04-11,6423.945643028847
2007-04-12,6073.643618991722
2007-04-13,6199.1882974097525
2007-04-14,6070.225367713172
2007-04-15,5895.985443509613
2007-04-16,6502.955669195714
2007-04-17,6557.737379951564
2007-04-18,6518.593125995286
2007-04-19,6639.23899767962
2007-04-20,6349.394004663847
2007-04-21,5761.871855230527
2007-04-22,5151.894058819111
2007-04-23,5674.073007286658
2007-04-24,5418.623173076925
2007-04-25,5111.380158186433
2007-04-26,5337.893857271635
2007-04-27,5707.972413970688
2007-04-28,5966.818005174947
2007-04-29,5558.337459852431
2007-04-30,6043.816928818111
2007-05-01,6546.910806448654
2007-05-02,7285.537056762764
2007-05-03,7595.235927664
2007-05-04,6434.3957099556255
2007-05-05,5596.325683014835
2007-05-06,5350.542017416764
2007-05-07,6664.742628730968
2007-05-08,6857.405945529512
2007-05-09,5985.864141376203
2007-05-10,5629.30907699398
2007-05-11,5623.692763941922
2007-05-12,5879.357868589745
2007-05-13,5565.305139410015
2007-05-14,6007.193513087606
2007-05-15,6415.624140370184
2007-05-16,6414.863954881259
2007-05-17,6225.511695725631
2007-05-18,6039.750017728367
2007-05-19,5321.028455929486
2007-05-20,5140.8943356704085
2007-05-21,5083.304385742188
2007-05-22,4934.872949786322
2007-05-23,5130.694664863778
2007-05-24,5127.049218854276
2007-05-25,5004.307504596178
2007-05-26,4936.810810346554
2007-05-27,5165.468693309296
2007-05-28,6488.239789418628
2007-05-29,5574.633881017961
2007-05-30,4293.841553151708
2007-05-31,5077.373702976288
2007-06-01,5434.778966296074
2007-06-02,4723.207385156569
2007-06-03,4541.651356094751
2007-06-04,4703.1310267611225
2007-06-05,5059.205365386131
2007-06-06,5662.194591513087
2007-06-07,5668.354944093882
2007-06-08,5506.725283416677
2007-06-09,4614.4472176617155
2007-06-10,4162.124311391419
2007-06-11,3865.562478966347
2007-06-12,4046.2260270261577
2007-06-13,4133.060621335917
2007-06-14,4603.185928627471
2007-06-15,5683.828480902861
2007-06-16,5221.541326856304
2007-06-17,4536.149784254806
2007-06-18,4073.5116918919016
2007-06-19,4725.349487572048
2007-06-20,4359.925795923354
2007-06-21,3949.620385024505
2007-06-22,3995.7543070506895
2007-06-23,4112.225824751356
2007-06-24,5152.638965645033
2007-06-25,5083.991570012019
2007-06-26,4341.274703984744
2007-06-27,4374.412614349627
2007-06-28,5789.79547315705
2007-06-29,4990.534678911259
2007-06-30,4243.130004913353
2007-07-01,5094.132312616853
2007-07-02,6452.99198918269
2007-07-03,6406.474956805891
2007-07-04,4883.699303886217
2007-07-05,4860.63618692408
2007-07-06,4632.099956871446
2007-07-07,3625.0378698579243
2007-07-08,4591.369630575616
2007-07-09,4574.285444335975
2007-07-10,4783.3748422475965
2007-07-11,4461.697428327038
2007-07-12,4370.386407476252
2007-07-13,4243.036899397061
2007-07-14,3574.5495126359215
2007-07-15,3227.564055191059
2007-07-16,3634.7720769252383
2007-07-17,4137.95137990428
2007-07-18,4395.784443523378
2007-07-19,4991.866652929068
2007-07-20,4803.287142528045
2007-07-21,4399.651717380683
2007-07-22,4452.986166008064
2007-07-23,4873.437967339293
2007-07-24,5749.278377729136
2007-07-25,5760.262103150293
2007-07-26,5547.1444921875
2007-07-27,5172.047109642097
2007-07-28,4111.175372676946
2007-07-29,3961.9367977857314
2007-07-30,4666.62010519087
2007-07-31,7122.239265356676
2007-08-01,6895.553319986978
2007-08-02,4890.947316372864
2007-08-03,4219.93328795595
2007-08-04,4762.566648144634
2007-08-05,4662.9647257875995
2007-08-06,4982.753189251333
2007-08-07,5735.294846825494
2007-08-08,6526.429137564376
2007-08-09,6427.862250551809
2007-08-10,7009.056140732339
2007-08-11,5637.890870292771
2007-08-12,4090.932526709401
2007-08-13,3897.8927084007964
2007-08-14,4844.4657002069325
2007-08-15,4900.356920364727
2007-08-16,5776.960762632971
2007-08-17,4894.836557596552
2007-08-18,4635.089234074519
2007-08-19,5148.330960854031
2007-08-20,5552.673348207132
2007-08-21,5515.405411792202
2007-08-22,5366.614036617697
2007-08-23,5138.987278846158
2007-08-24,5488.636362348567
2007-08-25,5267.90328173998
2007-08-26,5725.451038110978
2007-08-27,6573.699542022483
2007-08-28,6174.330500676078
2007-08-29,6441.557767427885
2007-08-30,7207.94436343149
2007-08-31,5348.408620768228
2007-09-01,5485.593419353427
2007-09-02,5155.410444323984
2007-09-03,4758.07519270833
2007-09-04,5187.405149572651
2007-09-05,5230.490167768433
2007-09-06,4973.584708683891
2007-09-07,4976.896335408167
2007-09-08,4394.947622963406
2007-09-09,4867.491427143347
2007-09-10,6036.897127058929
2007-09-11,5702.3995031105405
2007-09-12,5724.284486788085
2007-09-13,6829.396401814299
2007-09-14,5626.114527423356
2007-09-15,5157.547208932923
2007-09-16,4834.728669696513
2007-09-17,5457.616922409187
2007-09-18,5873.654046785079
2007-09-19,5622.486925747863
2007-09-20,5239.559698985041
2007-09-21,4663.648945383695
2007-09-22,4444.522762422059
2007-09-23,5462.989000146102
2007-09-24,5714.138209805586
2007-09-25,5636.0270946715345
2007-09-26,6844.629400069829
2007-09-27,7655.136635854035
2007-09-28,5744.594102260821
2007-09-29,6010.14126032735
2007-09-30,7215.875512069313
2007-10-01,5985.722425213674
2007-10-02,8155.3964692146965
2007-10-03,6398.572268852262
2007-10-04,6065.09655998222
2007-10-05,6845.921030663143
2007-10-06,5375.170876527443
2007-10-07,5340.529857522036
2007-10-08,5647.108029221754
2007-10-09,5825.362235312634
2007-10-10,6864.465944191784
2007-10-11,5979.4297805775195
2007-10-12,4885.361396701388
2007-10-13,5192.331134044768
2007-10-14,6361.963171485192
2007-10-15,7828.791576803194
2007-10-16,5439.147763755342
2007-10-17,5511.540679305817
2007-10-18,6754.535164000707
2007-10-19,6309.344690579929
2007-10-20,6414.408784519172
2007-10-21,6894.387596425725
2007-10-22,6838.417272135414
2007-10-23,6211.142349634414
2007-10-24,6246.165584134611
2007-10-25,6338.878845244055
2007-10-26,6542.968032922521
2007-10-27,6992.325519668076
2007-10-28,7715.641046874997
2007-10-29,7191.025952221037
2007-10-30,7052.261111399715
2007-10-31,6912.551553619121
2007-11-01,7051.13935228444
2007-11-02,6412.501483506946
2007-11-03,6522.007383652808
2007-11-04,4728.877568175746
2007-11-05,5136.06937838041
2007-11-06,5391.832032270311
2007-11-07,5683.626401742786
2007-11-08,5929.4791113531655
2007-11-09,6382.518101532406
2007-11-10,5787.530807530585
2007-11-11,5812.888695941408
2007-11-12,6664.817296477465
2007-11-13,7489.264782056005
2007-11-14,7139.651357104699
2007-11-15,7508.718639155982
2007-11-16,7793.972258219927
2007-11-17,7027.477067891962
2007-11-18,6950.658493655564
2007-11-19,7973.724176248665
2007-11-20,8090.081973549349
2007-11-21,7146.801224091879
2007-11-22,6629.697393404446
2007-11-23,6608.3987279647445
2007-11-24,6847.517058291145
2007-11-25,6770.622302350424
2007-11-26,7136.063497930023
2007-11-27,7506.532769097225
2007-11-28,7872.826153311965
2007-11-29,7733.322364199385
2007-11-30,6922.596395733173
2007-12-01,6580.33254096349
2007-12-02,6462.310369804269
2007-12-03,7828.882480958539
2007-12-04,7774.933460870722
2007-12-05,7819.740571080398
2007-12-06,8081.304527711003
2007-12-07,7662.009541666663
2007-12-08,7487.671794220761
2007-12-09,6898.33592455429
2007-12-10,6690.321945487782
2007-12-11,6794.379342581462
2007-12-12,6685.072210532559
2007-12-13,6672.979187144996
2007-12-14,7429.7608595171705
2007-12-15,6852.044193376068
2007-12-16,6227.7217363114305
2007-12-17,6797.033208633813
2007-12-18,7123.951659104565
2007-12-19,7610.520507812499
2007-12-20,8374.415322140425
2007-12-21,8644.284865909869
2007-12-22,6112.4706859378975
2007-12-23,5699.388652253196
2007-12-24,5459.052981470356
2007-12-25,5189.590662088746
2007-12-26,5720.87139498197
2007-12-27,6790.8206130186245
2007-12-28,7256.087952622782
2007-12-29,7064.31274307861
2007-12-30,7017.490481767898
2007-12-31,7308.85077311214
2008-01-01,6971.85841412564
2008-01-02,8034.347508012821
2008-01-03,7781.619442783448
2008-01-04,7486.92216196748
2008-01-05,7462.53499734442
2008-01-06,7738.4024743589725
2008-01-07,8060.6261147502655
2008-01-08,8400.369112613515
2008-01-09,8647.349429286865
2008-01-10,8953.444070990445
2008-01-11,8869.634029223742
2008-01-12,8383.201708487866
2008-01-13,6938.443547943377
2008-01-14,7622.613933910923
2008-01-15,8362.2491604832
2008-01-16,7970.109794621396
2008-01-17,7278.802245768231
2008-01-18,7454.779011434964
2008-01-19,7296.693057016225
2008-01-20,6275.311488648502
2008-01-21,6724.387939272417
2008-01-22,6991.467965664497
2008-01-23,7119.060127148253
2008-01-24,7462.552299028444
2008-01-25,7633.028491490607
2008-01-26,7323.741518537057
2008-01-27,7495.473579577324
2008-01-28,7939.202319327589
2008-01-29,9698.141121594555
2008-01-30,9603.215597138755
2008-01-31,8015.184342948721
2008-02-01,7931.321462590146
2008-02-02,7309.885357029579
2008-02-03,6577.7120289630075
2008-02-04,7847.156773838144
2008-02-05,7933.872618689901
2008-02-06,7172.288431280111
2008-02-07,6632.828553719285
2008-02-08,5824.972054687501
2008-02-09,5736.050135254465
2008-02-10,6097.600399973291
2008-02-11,7303.339673121336
2008-02-12,7029.550285957535
2008-02-13,6821.34561410757
2008-02-14,7042.599009932559
2008-02-15,6816.659082268324
2008-02-16,6535.34913866033
2008-02-17,6582.690458834134
2008-02-18,7384.216153412127
2008-02-19,7763.508622034146
2008-02-20,8017.178006944447
2008-02-21,8008.8156963141055
2008-02-22,8157.55797400841
2008-02-23,6780.963277599965
2008-02-24,6527.260083834135
2008-02-25,7518.481479033117
2008-02-26,7735.646335289436
2008-02-27,6339.043877320379
2008-02-28,5947.006000976563
2008-02-29,5729.315650258597
2008-03-01,5448.668115731142
2008-03-02,5647.932000425682
2008-03-03,6835.3153589409685
2008-03-04,7573.557926282055
2008-03-05,7688.24527895108
2008-03-06,7720.527493389424
2008-03-07,6985.521541112946
2008-03-08,6486.491819108249
2008-03-09,6917.362547589164
2008-03-10,7908.581968822899
2008-03-11,8143.62029561441
2008-03-12,8144.339364933412
2008-03-13,8222.601751277996
2008-03-14,8263.847932141804
2008-03-15,7602.860735888186
2008-03-16,7142.11264843651
2008-03-17,8141.746698458301
2008-03-18,8290.599737881066
2008-03-19,8444.341377027236
2008-03-20,6768.019602564102
2008-03-21,5881.583820112179
2008-03-22,6081.72413049212
2008-03-23,6091.008855836006
2008-03-24,6653.392878668344
2008-03-25,7263.433432963412
2008-03-26,6417.088112730371
2008-03-27,6113.423515076589
2008-03-28,6174.589174406066
2008-03-29,6092.747286567869
2008-03-30,5676.96821852464
2008-03-31,6226.030756863034
2008-04-01,7090.535831204927
2008-04-02,6521.493871390714
2008-04-03,5484.9016445757925
2008-04-04,5695.024842842708
2008-04-05,5468.072787042601
2008-04-06,5212.756232132938
2008-04-07,5829.346889690171
2008-04-08,6199.371981608642
2008-04-09,6207.249716419903
2008-04-10,6238.194672743055
2008-04-11,6266.332467618194
2008-04-12,5487.10029757887
2008-04-13,4700.801664730235
2008-04-14,5523.833639030782
2008-04-15,5685.7323598297635
2008-04-16,5716.195137845551
2008-04-17,5745.845538461537
2008-04-18,6076.762521133815
2008-04-19,5310.975324252136
2008-04-20,5173.34765119191
2008-04-21,5818.279078125
2008-04-22,5667.556998063565
2008-04-23,5893.057365618322
2008-04-24,6353.382228532316
2008-04-25,5523.86956824779
2008-04-26,6194.737556403436
2008-04-27,3968.6112834201385
2008-04-28,4487.13351658007
2008-04-29,5082.804366100877
2008-04-30,5482.791757261972
2008-05-01,5700.816003238349
2008-05-02,5110.4529126602565
2008-05-03,4647.395150192911
2008-05-04,4772.112576128427
2008-05-05,5670.855871542662
2008-05-06,6021.639214534243
2008-05-07,5477.505126252003
2008-05-08,5543.627362770712
2008-05-09,5655.053590135883
2008-05-10,5220.731173477563
2008-05-11,4966.895297075321
2008-05-12,5467.767657401844
2008-05-13,5550.725087339742
2008-05-14,5833.320801832933
2008-05-15,6364.16523021835
2008-05-16,6059.699570072994
2008-05-17,4277.605873618335
2008-05-18,4740.76772623698
2008-05-19,5369.780903870897
2008-05-20,5374.674888313638
2008-05-21,5273.421465745191
2008-05-22,5231.4376082077315
2008-05-23,5281.794954627402
2008-05-24,4267.441654886907
2008-05-25,5067.099187399839
2008-05-26,5715.2961489633435
2008-05-27,5239.625133179751
2008-05-28,5211.334465395205
2008-05-29,5501.2110681848735
2008-05-30,5238.300311139608
2008-05-31,5090.727310433416
2008-06-01,5390.827620643028
2008-06-02,6015.887965119187
2008-06-03,6248.673123397439
2008-06-04,5848.345641025639
2008-06-05,5687.082439853765
2008-06-06,5204.352243907131
2008-06-07,4889.603956330129
2008-06-08,4840.739903971354
2008-06-09,5017.140233691521
2008-06-10,6206.385399839595
2008-06-11,5778.641946981837
2008-06-12,5424.72755496294
2008-06-13,4469.869162500894
2008-06-14,4859.12511167034
2008-06-15,5254.037628079926
2008-06-16,5568.1410321180565
2008-06-17,5887.823729967947
2008-06-18,5757.125894840079
2008-06-19,5532.819275424011
2008-06-20,5127.011696940106
2008-06-21,4383.800471386291
2008-06-22,3979.3116290914018
2008-06-23,4937.651402965515
2008-06-24,5265.2854105267215
2008-06-25,5530.806976654313
2008-06-26,5103.998507394769
2008-06-27,4708.872701342051
2008-06-28,4675.788796750742
2008-06-29,5290.2430841346195
2008-06-30,5412.385851771168
2008-07-01,5549.257699018432
2008-07-02,4749.173796391477
2008-07-03,4438.701397902913
2008-07-04,5225.090152544074
2008-07-05,4628.887911658654
2008-07-06,4860.060853523973
2008-07-07,4881.773327306485
2008-07-08,3800.439527085282
2008-07-09,4421.32326533262
2008-07-10,4849.512888580169
2008-07-11,4238.373215428103
2008-07-12,4950.185827624197
2008-07-13,5440.656530022268
2008-07-14,5180.6737650496425
2008-07-15,4812.289315747342
2008-07-16,4757.066048061013
2008-07-17,5042.753635768258
2008-07-18,4904.036382337662
2008-07-19,5198.713661566842
2008-07-20,4820.435552700989
2008-07-21,4047.663130424706
2008-07-22,3869.4658548846487
2008-07-23,5019.264317107374
2008-07-24,4453.754992120906
2008-07-25,4217.87629384523
2008-07-26,3818.901224989694
2008-07-27,3441.936909173152
2008-07-28,4497.548929604988
2008-07-29,4476.800052808371
2008-07-30,4950.609547617775
2008-07-31,6066.674725560897
2008-08-01,5036.162409121262
2008-08-02,4673.2624210995145
2008-08-03,4127.443893437834
2008-08-04,4271.8847631633935
2008-08-05,4732.276123773035
2008-08-06,4406.25005867744
2008-08-07,4895.25798295609
2008-08-08,4583.22325447378
2008-08-09,3716.2488302306137
2008-08-10,3898.661387595623
2008-08-11,4513.094862121267
2008-08-12,4829.015084426949
2008-08-13,4731.992454318549
2008-08-14,5455.200681214945
2008-08-15,5163.374309194715
2008-08-16,3990.824444421906
2008-08-17,3526.9203564379695
2008-08-18,4371.689530557305
2008-08-19,5298.998459034504
2008-08-20,5706.374629398841
2008-08-21,4331.487975268543
2008-08-22,4363.072341271034
2008-08-23,4129.270446438831
2008-08-24,4371.956928377071
2008-08-25,5279.252890625
2008-08-26,4900.424788168941
2008-08-27,4597.575366077819
2008-08-28,4830.621784413009
2008-08-29,4854.814185814486
2008-08-30,5557.009361378201
2008-08-31,5000.097681089745
2008-09-01,5017.494027351108
2008-09-02,5033.0326629348
2008-09-03,5525.654653695912
2008-09-04,5250.170611511752
2008-09-05,4817.568453876199
2008-09-06,5080.469296874998
2008-09-07,4431.764065410117
2008-09-08,4441.3602893705665
2008-09-09,4359.59655241592
2008-09-10,4804.622578392095
2008-09-11,6001.890582880554
2008-09-12,7965.876866987178
2008-09-13,6372.213731053016
2008-09-14,6625.233553969685
2008-09-15,5188.798127887953
2008-09-16,4749.748399389021
2008-09-17,5312.449978398773
2008-09-18,6928.984185897433
2008-09-19,8619.980475210337
2008-09-20,5936.148172409192
2008-09-21,6494.83815327473
2008-09-22,5631.958528512289
2008-09-23,5067.354235451724
2008-09-24,5202.3569122429235
2008-09-25,5884.3998812349755
2008-09-26,6627.9997551916385
2008-09-27,6900.286049792934
2008-09-28,4740.684675781248
2008-09-29,5376.202269456127
2008-09-30,6281.891787126068
2008-10-01,8424.23326722756
2008-10-02,9765.874834685497
2008-10-03,6789.830743990383
2008-10-04,4885.033650090144
2008-10-05,5124.489146027448
2008-10-06,4225.20097863248
2008-10-07,5110.294729325254
2008-10-08,5337.959601362179
2008-10-09,5873.143228165065
2008-10-10,5894.471972656249
2008-10-11,5685.019753205129
2008-10-12,6426.5426769748265
2008-10-13,5917.346803460537
2008-10-14,5543.036974075188
2008-10-15,5641.992747495993
2008-10-16,6237.47496392276
2008-10-17,6515.841329694174
2008-10-18,6740.105643579728
2008-10-19,5575.543485777244
2008-10-20,5520.373680830999
2008-10-21,3798.052041398115
2008-10-22,4129.067282916963
2008-10-23,5244.10623765525
2008-10-24,6124.238219017094
2008-10-25,6254.920062767094
2008-10-26,7592.8232040014
2008-10-27,6889.911121260682
2008-10-28,5737.358018696582
2008-10-29,6560.073702924678
2008-10-30,8605.132469165514
2008-10-31,6798.029601946449
2008-11-01,5849.589714367989
2008-11-02,6650.277928414462
2008-11-03,5843.355602939704
2008-11-04,5918.200765382948
2008-11-05,7175.434767025075
2008-11-06,6800.09361688702
2008-11-07,7064.654901233642
2008-11-08,6134.069585136218
2008-11-09,6068.301284788998
2008-11-10,6642.77732471955
2008-11-11,7105.136196514426
2008-11-12,7586.2913974359
2008-11-13,8167.767499198721
2008-11-14,7524.7909188451495
2008-11-15,5911.531212873931
2008-11-16,5486.122257537059
2008-11-17,6379.399561882344
2008-11-18,6630.352998622797
2008-11-19,7487.0508033854185
2008-11-20,7276.888706931089
2008-11-21,6086.985958909256
2008-11-22,4638.261826572516
2008-11-23,5577.380282151443
2008-11-24,5973.8894379006415
2008-11-25,6053.888844083865
2008-11-26,6809.954524522568
2008-11-27,7280.232582523703
2008-11-28,6639.921020958533
2008-11-29,5732.24684432592
2008-11-30,6918.866124589007
2008-12-01,7013.11534795673
2008-12-02,8322.23127779146
2008-12-03,7036.134079210075
2008-12-04,7421.383116052356
2008-12-05,8716.176858917506
2008-12-06,7184.307004006412
2008-12-07,6033.468750100163
2008-12-08,7352.237993856839
2008-12-09,7223.004047634546
2008-12-10,6428.1294229684145
2008-12-11,6205.491994357639
2008-12-12,8212.913719426084
2008-12-13,6860.664829510549
2008-12-14,5739.354565371263
2008-12-15,6662.830354834402
2008-12-16,7183.24085329861
2008-12-17,7760.918665489786
2008-12-18,7087.022231361847
2008-12-19,5945.7159801933085
2008-12-20,5527.871599893162
2008-12-21,5844.429652744391
2008-12-22,7196.321123130343
2008-12-23,6331.795762002536
2008-12-24,6197.193229567306
2008-12-25,6153.340664004072
2008-12-26,6703.51903904581
2008-12-27,7230.261661858976
2008-12-28,6749.945321080396
2008-12-29,6847.637664638418
2008-12-30,7322.603467314368
2008-12-31,7852.43458920344
2009-01-01,5865.755678652507
2009-01-02,5795.385940170941
2009-01-03,6266.291660990916
2009-01-04,7017.263075420675
2009-01-05,8571.310775641026
2009-01-06,9541.28653311966
2009-01-07,7635.218473891558
2009-01-08,6489.403446639623
2009-01-09,6512.400011852295
2009-01-10,6347.92306056357
2009-01-11,6599.271151442309
2009-01-12,7940.652303418805
2009-01-13,9092.486625901447
2009-01-14,10011.350982071317
2009-01-15,8440.173107972758
2009-01-16,6828.408961438303
2009-01-17,5921.311826121796
2009-01-18,6281.376903044871
2009-01-19,8600.923317908653
2009-01-20,9799.71971875
2009-01-21,11188.175541833603
2009-01-22,10719.688734742253
2009-01-23,12028.383102966924
2009-01-24,8489.671808977697
2009-01-25,6932.441454927882
2009-01-26,6906.172035431692
2009-01-27,8668.218834535255
2009-01-28,9532.822907126405
2009-01-29,9696.911475610976
2009-01-30,9727.546681941107
2009-01-31,9019.385142102365
2009-02-01,8761.841215277778
2009-02-02,9627.121407919338
2009-02-03,9433.982896734777
2009-02-04,9938.128712189497
2009-02-05,10625.816065170935
2009-02-06,10997.215241524878
2009-02-07,9725.616451923077
2009-02-08,7888.5365279947955
2009-02-09,6656.809830879409
2009-02-10,6587.567195037059
2009-02-11,6309.889569010418
2009-02-12,5975.500042668271
2009-02-13,6047.535496669674
2009-02-14,6081.286125300479
2009-02-15,6129.348862838876
2009-02-16,6864.570153086603
2009-02-17,7269.001956497064
2009-02-18,7966.22753560697
2009-02-19,8215.32799868122
2009-02-20,7867.480129340274
2009-02-21,7075.271889606706
2009-02-22,7051.848156850961
2009-02-23,8506.368075620998
2009-02-24,8283.805187717016
2009-02-25,7583.159514957267
2009-02-26,6971.012287551752
2009-02-27,7315.236982522037
2009-02-28,7283.074352121734
2009-03-01,7154.028799913195
2009-03-02,8372.296100060097
2009-03-03,8210.785359174683
2009-03-04,6940.2090924729555
2009-03-05,6474.840489783659
2009-03-06,7296.829787034255
2009-03-07,6496.6955640608285
2009-03-08,6251.823905949518
2009-03-09,7493.659024939903
2009-03-10,7375.363723799744
2009-03-11,7542.024726654314
2009-03-12,7682.405137286322
2009-03-13,7728.522871769836
2009-03-14,6925.782354033117
2009-03-15,6224.503240184294
2009-03-16,6750.646011334803
2009-03-17,7035.234656825919
2009-03-18,7440.210745409326
2009-03-19,7995.304698367392
2009-03-20,7745.864322741381
2009-03-21,6862.935182316703
2009-03-22,6796.4310251903
2009-03-23,7939.705760199653
2009-03-24,8113.0971207098
2009-03-25,8305.665210061099
2009-03-26,7459.098337940703
2009-03-27,6653.725184929216
2009-03-28,6105.319659722223
2009-03-29,6458.798665414661
2009-03-30,6849.539622696315
2009-03-31,7244.472369357643
2009-04-01,7482.581375951522
2009-04-02,7584.859224592681
2009-04-03,6728.264445245723
2009-04-04,5903.148743806761
2009-04-05,5480.9945290381265
2009-04-06,5864.766738865516
2009-04-07,5857.44927358774
2009-04-08,6177.797328976361
2009-04-09,6163.5509887319695
2009-04-10,5883.102062049278
2009-04-11,6321.52584730569
2009-04-12,5754.132965820312
2009-04-13,5908.7195305587575
2009-04-14,7191.282848307291
2009-04-15,6232.615074919868
2009-04-16,6030.35688233674
2009-04-17,5781.966469184029
2009-04-18,5355.3299668302625
2009-04-19,5372.144829861109
2009-04-20,5873.763978615788
2009-04-21,6005.923978415463
2009-04-22,5674.10548467548
2009-04-23,6115.303827256945
2009-04-24,6400.17795516159
2009-04-25,5272.104142494657
2009-04-26,4277.603525307157
2009-04-27,5282.053110677084
2009-04-28,4513.768328408785
2009-04-29,4599.725930739181
2009-04-30,5448.287544971953
2009-05-01,5407.880068108977
2009-05-02,4903.650010850695
2009-05-03,5177.151554094887
2009-05-04,5734.591512027575
2009-05-05,5859.0386044170655
2009-05-06,5759.641718224158
2009-05-07,5464.46580637353
2009-05-08,5460.699677049943
2009-05-09,4982.154560455062
2009-05-10,4548.714970035389
2009-05-11,4824.535169719219
2009-05-12,5341.215930555553
2009-05-13,5448.261661324787
2009-05-14,5772.675288711938
2009-05-15,6261.373017022082
2009-05-16,4742.877786792201
2009-05-17,4912.378889556621
2009-05-18,5784.392503338678
2009-05-19,6183.83060238882
2009-05-20,6335.344869858438
2009-05-21,6389.840062282984
2009-05-22,6624.094626135149
2009-05-23,6123.774429687502
2009-05-24,5142.219978465544
2009-05-25,5710.439523788062
2009-05-26,5369.825970928487
2009-05-27,5240.836424904847
2009-05-28,4722.715458834135
2009-05-29,4706.7641478365385
2009-05-30,5373.8051557241615
2009-05-31,4961.179588858841
2009-06-01,5609.288240451388
2009-06-02,5943.9572363615125
2009-06-03,5379.0843566706735
2009-06-04,5484.6134452123415
2009-06-05,4707.277873655168
2009-06-06,4698.988522970086
2009-06-07,4698.896626702724
2009-06-08,4149.664502904649
2009-06-09,4044.3569666132453
2009-06-10,3974.1728746075464
2009-06-11,4317.269485610206
2009-06-12,4811.57914797858
2009-06-13,4673.6238078008155
2009-06-14,4554.188766567329
2009-06-15,4774.278541849916
2009-06-16,4874.531105043069
2009-06-17,4714.12137713675
2009-06-18,5422.059040094815
2009-06-19,5201.527944749593
2009-06-20,5667.9562992120755
2009-06-21,5395.257901075052
2009-06-22,5092.543218683227
2009-06-23,4841.571398137019
2009-06-24,4786.263141793106
2009-06-25,5039.379206738795
2009-06-26,4681.324568677023
2009-06-27,4821.64953792735
2009-06-28,4837.365229650775
2009-06-29,5939.038427066641
2009-06-30,6332.310801974826
2009-07-01,4981.3828125
2009-07-02,4694.902680288463
2009-07-03,4521.142694436681
2009-07-04,4510.168846153845
2009-07-05,3511.1508198522
2009-07-06,4160.379508354746
2009-07-07,4679.658061606889
2009-07-08,4802.1952148355385
2009-07-09,4968.373610552127
2009-07-10,4715.385354166665
2009-07-11,4842.0248174913195
2009-07-12,4979.01852323718
2009-07-13,4629.266014773637
2009-07-14,4304.342183670177
2009-07-15,4267.807500023841
2009-07-16,4715.327472781764
2009-07-17,4562.077123031156
2009-07-18,4468.311810548914
2009-07-19,4678.541689629774
2009-07-20,5682.839398354752
2009-07-21,6916.6274400290495
2009-07-22,4724.74070272436
2009-07-23,4379.001334670357
2009-07-24,4554.881307641047
2009-07-25,4039.4578948734616
2009-07-26,4419.95922983626
2009-07-27,4885.736165197649
2009-07-28,5187.045918261341
2009-07-29,4870.125904238958
2009-07-30,5258.249224818519
2009-07-31,4954.361935930823
2009-08-01,4339.978858604677
2009-08-02,4791.108815785841
2009-08-03,4970.895461563502
2009-08-04,4824.749365934986
2009-08-05,5053.243692024981
2009-08-06,5651.678182700653
2009-08-07,4183.561671709681
2009-08-08,3889.465833273798
2009-08-09,4299.537831396901
2009-08-10,5020.167082440236
2009-08-11,5290.466982370926
2009-08-12,5457.5342076398
2009-08-13,5408.428844117255
2009-08-14,5246.012871360843
2009-08-15,5612.505378621235
2009-08-16,5762.609182617188
2009-08-17,4538.758897818525
2009-08-18,4781.52831280048
2009-08-19,5413.026671666332
2009-08-20,6463.288697842798
2009-08-21,5642.874048101961
2009-08-22,6047.709357196516
2009-08-23,6138.962147728029
2009-08-24,5722.651998589407
2009-08-25,5529.731367571448
2009-08-26,5569.829442165798
2009-08-27,6151.438764381345
2009-08-28,6610.314041336602
2009-08-29,5099.509891793534
2009-08-30,4475.619581737032
2009-08-31,5241.758127270299
2009-09-01,5110.430460111175
2009-09-02,5326.247601704394
2009-09-03,6490.702032827525
2009-09-04,5728.078514473154
2009-09-05,4562.27699241286
2009-09-06,4625.122469409388
2009-09-07,5248.702967347757
2009-09-08,5243.3116379707535
2009-09-09,5239.908456864317
2009-09-10,5159.084551630254
2009-09-11,6612.024306966148
2009-09-12,7324.595472292051
2009-09-13,5437.251566556489
2009-09-14,5768.602814503207
2009-09-15,5858.155676732773
2009-09-16,7717.128248053481
2009-09-17,6704.079567432891
2009-09-18,5517.568734525241
2009-09-19,5779.76095232372
2009-09-20,5214.848218499599
2009-09-21,7527.259433450934
2009-09-22,6443.334542718349
2009-09-23,6050.137686431623
2009-09-24,6249.018708082931
2009-09-25,5813.484692240919
2009-09-26,4183.993360460069
2009-09-27,4671.100320638022
2009-09-28,5308.7956708733955
2009-09-29,5939.1675805566965
2009-09-30,7901.752004807692
2009-10-01,6080.515828141693
2009-10-02,4850.747230635683
2009-10-03,4566.983680881076
2009-10-04,4538.992353098294
2009-10-05,4409.37166446314
2009-10-06,4473.221820846689
2009-10-07,4628.296387419875
2009-10-08,4300.878615284455
2009-10-09,4607.363973886535
2009-10-10,4689.672758154713
2009-10-11,5421.214811761288
2009-10-12,6763.068419471156
2009-10-13,5824.143803734545
2009-10-14,5820.240512319714
2009-10-15,5374.901064035791
2009-10-16,5395.382715144229
2009-10-17,4917.686941406249
2009-10-18,5081.696866135818
2009-10-19,6471.469762369791
2009-10-20,7506.025347876293
2009-10-21,6436.300747996797
2009-10-22,6754.130602180155
2009-10-23,6486.649589217749
2009-10-24,5349.943934545273
2009-10-25,4639.76862179487
2009-10-26,5652.035278604102
2009-10-27,6287.230770382612
2009-10-28,6362.577254674145
2009-10-29,6800.431095978567
2009-10-30,6891.415515825318
2009-10-31,6388.572786024304
2009-11-01,6495.411254081531
2009-11-02,9680.74547611178
2009-11-03,7135.677613030849
2009-11-04,6201.066542067307
2009-11-05,6410.530475594284
2009-11-06,6646.147432558762
2009-11-07,6066.811400641024
2009-11-08,6180.25074251302
2009-11-09,6940.414610201324
2009-11-10,7011.707335937499
2009-11-11,7533.233873280582
2009-11-12,7292.196424579327
2009-11-13,6884.197678001472
2009-11-14,6828.14123593583
2009-11-15,7204.721735635347
2009-11-16,7690.409937499999
2009-11-17,7166.839405649039
2009-11-18,7872.636680113181
2009-11-19,10538.577932830152
2009-11-20,10317.789974384015
2009-11-21,10669.324797368243
2009-11-22,7417.275465302819
2009-11-23,6665.269570429355
2009-11-24,7271.17392274306
2009-11-25,8344.187832698984
2009-11-26,9482.198083308285
2009-11-27,9611.337136651973
2009-11-28,8690.443630277503
2009-11-29,5947.967435897436
2009-11-30,5759.099232747394
2009-12-01,5907.557321347487
2009-12-02,6420.484122228901
2009-12-03,6934.1790238715275
2009-12-04,6969.864782735708
2009-12-05,6841.43467581464
2009-12-06,7574.674627904648
2009-12-07,8630.343781617255
2009-12-08,7870.95611990017
2009-12-09,8358.79364891326
2009-12-10,8225.785368756679
2009-12-11,7513.211245860042
2009-12-12,7376.377227514023
2009-12-13,6655.802237329726
2009-12-14,7578.078333967682
2009-12-15,8367.650469651442
2009-12-16,10240.215857655583
2009-12-17,8212.703998071913
2009-12-18,7532.013373075258
2009-12-19,6595.615186072715
2009-12-20,6620.23543713275
2009-12-21,8529.976474308896
2009-12-22,9099.439643295933
2009-12-23,9715.20113214476
2009-12-24,7788.7928659932695
2009-12-25,5057.445478515629
2009-12-26,5453.514755967883
2009-12-27,5887.775230969552
2009-12-28,6565.16612865585
2009-12-29,6960.957093290933
2009-12-30,7050.537380475425
2009-12-31,7920.495089242789
2010-01-01,7457.543292997872
2010-01-02,6122.307036424948
2010-01-03,6055.7030804954575
2010-01-04,7224.052672993455
2010-01-05,8016.121173001803
2010-01-06,7690.511872370791
2010-01-07,7618.178970753204
2010-01-08,9221.510252337075
2010-01-09,9357.620670063769
2010-01-10,8232.868440379605
2010-01-11,9542.365834134616
2010-01-12,9956.925714543271
2010-01-13,7695.894353365384
2010-01-14,7537.607133764022
2010-01-15,8088.418373063566
2010-01-16,7354.458691831927
2010-01-17,6371.355691907051
2010-01-18,6690.316786817239
2010-01-19,7546.628264890493
2010-01-20,8336.102184745594
2010-01-21,10393.21266080729
2010-01-22,12024.026554408978
2010-01-23,7791.2512628705945
2010-01-24,7244.847194419402
2010-01-25,9123.347808293267
2010-01-26,8623.543252704327
2010-01-27,8683.231976562503
2010-01-28,8741.930650131082
2010-01-29,8517.869094718211
2010-01-30,7985.399355568912
2010-01-31,8037.524701388891
2010-02-01,8891.379660006012
2010-02-02,8512.902880066446
2010-02-03,8886.097058743993
2010-02-04,8935.275141760148
2010-02-05,8026.588482271635
2010-02-06,7215.938565805293
2010-02-07,7579.637531550482
2010-02-08,9141.271753472221
2010-02-09,9403.997209401708
2010-02-10,9680.687773520967
2010-02-11,10930.125964543267
2010-02-12,9165.906256059696
2010-02-13,7726.348833533655
2010-02-14,7841.416172275643
2010-02-15,8559.793110351562
2010-02-16,7609.895835336533
2010-02-17,7690.872383605435
2010-02-18,7783.311731754139
2010-02-19,7958.933004407054
2010-02-20,8346.620093332664
2010-02-21,9646.61790269431
2010-02-22,9950.772914546607
2010-02-23,8122.112523838143
2010-02-24,7574.137214643433
2010-02-25,7518.34265151743
2010-02-26,7982.295493890221
2010-02-27,7619.212529238448
2010-02-28,6004.620871093752
2010-03-01,6538.927569736577
2010-03-02,6886.944402402178
2010-03-03,7186.042811832266
2010-03-04,7806.393109274842
2010-03-05,8090.087395132213
2010-03-06,7999.149081613917
2010-03-07,7983.56752531551
2010-03-08,8904.567978515626
2010-03-09,6980.174157527044
2010-03-10,6874.018672743054
2010-03-11,6876.990798444176
2010-03-12,6514.646793018832
2010-03-13,6176.350498172073
2010-03-14,6291.49454204227
2010-03-15,7194.616348182092
2010-03-16,7127.092949218751
2010-03-17,7460.205056490385
2010-03-18,7890.575351963142
2010-03-19,8485.129453125004
2010-03-20,8317.451395482774
2010-03-21,7190.733509014427
2010-03-22,7834.180731653984
2010-03-23,7749.895729700852
2010-03-24,7819.836999899844
2010-03-25,8667.124474208733
2010-03-26,8694.706206580528
2010-03-27,7751.528323317308
2010-03-28,7690.884620793269
2010-03-29,7243.2126081063025
2010-03-30,6930.641263521634
2010-03-31,6788.936246728099
2010-04-01,6645.796935096151
2010-04-02,5304.297539463137
2010-04-03,5152.957040147572
2010-04-04,5100.642054161658
2010-04-05,5756.899594401043
2010-04-06,6778.445154346956
2010-04-07,7352.539870250736
2010-04-08,6607.560572349093
2010-04-09,6912.28093414463
2010-04-10,6890.185763897239
2010-04-11,5359.986416766827
2010-04-12,5484.453604984641
2010-04-13,5997.84213812934
2010-04-14,6383.95540581597
2010-04-15,6341.527942207533
2010-04-16,6517.4777380058085
2010-04-17,6360.536201121796
2010-04-18,6178.332166399573
2010-04-19,6960.958263321314
2010-04-20,6800.97976925581
2010-04-21,6938.027724759614
2010-04-22,7505.196978435343
2010-04-23,7736.83974604367
2010-04-24,5568.478847981772
2010-04-25,4712.875626602566
2010-04-26,4640.845631385217
2010-04-27,5874.662866235978
2010-04-28,6139.9979783904255
2010-04-29,5420.234409246461
2010-04-30,5778.156410606968
2010-05-01,5780.772601996527
2010-05-02,5669.7976774088565
2010-05-03,6659.741839493191
2010-05-04,5683.672284688837
2010-05-05,5111.734348098624
2010-05-06,5373.69014430589
2010-05-07,5658.578668803417
2010-05-08,5498.80316915398
2010-05-09,5325.5782926682705
2010-05-10,6207.581964476496
2010-05-11,4746.69775728666
2010-05-12,4990.34423076923
2010-05-13,5283.176056494306
2010-05-14,5389.296674429088
2010-05-15,4996.893664446447
2010-05-16,4687.450278278579
2010-05-17,4844.5900171274025
2010-05-18,5320.291857722354
2010-05-19,5342.164543085602
2010-05-20,5239.669256059691
2010-05-21,4861.160506660655
2010-05-22,3992.9964113247865
2010-05-23,4723.754403128338
2010-05-24,5415.550128071582
2010-05-25,5338.140460369926
2010-05-26,5898.355291065704
2010-05-27,5630.8928209301575
2010-05-28,5558.435162969083
2010-05-29,4941.259386485042
2010-05-30,5022.42778891226
2010-05-31,5244.4049602781115
2010-06-01,5361.630013555019
2010-06-02,5876.195608039531
2010-06-03,5950.757817007215
2010-06-04,5481.269382445244
2010-06-05,4267.805013027817
2010-06-06,4044.3770236308937
2010-06-07,4762.6844898838135
2010-06-08,4627.966267244257
2010-06-09,4642.471823575584
2010-06-10,4221.701820027884
2010-06-11,4581.654344826381
2010-06-12,4074.6288631960856
2010-06-13,4024.398447892721
2010-06-14,4525.183946173184
2010-06-15,5270.294872086653
2010-06-16,5640.9545775240385
2010-06-17,4972.272044229102
2010-06-18,4949.836956821989
2010-06-19,4858.222143471223
2010-06-20,4415.447333383415
2010-06-21,5459.225809745592
2010-06-22,5281.893411207932
2010-06-23,5313.250644197383
2010-06-24,5752.095045898436
2010-06-25,5446.489577364642
2010-06-26,3503.1719979609
2010-06-27,3320.867153872214
2010-06-28,3476.0724476090536
2010-06-29,3759.0570292637517
2010-06-30,4346.113000818325
2010-07-01,4024.4559839577278
2010-07-02,4552.972831713593
2010-07-03,4574.606604874929
2010-07-04,3957.812535924146
2010-07-05,4727.949648637823
2010-07-06,4610.194745801318
2010-07-07,4459.475862121253
2010-07-08,4635.024041424825
2010-07-09,4856.202413394336
2010-07-10,5508.959920531183
2010-07-11,4321.23389307058
2010-07-12,5622.929118447848
2010-07-13,5724.363713541668
2010-07-14,4647.402131785858
2010-07-15,4173.496789848331
2010-07-16,4510.510386485044
2010-07-17,4454.535462732436
2010-07-18,3985.0914561214627
2010-07-19,4297.526222848866
2010-07-20,4211.194885324622
2010-07-21,3992.894186957465
2010-07-22,4838.127573192107
2010-07-23,4925.474695554555
2010-07-24,4557.684354066509
2010-07-25,4223.871105661952
2010-07-26,4948.851544596356
2010-07-27,5243.885365985576
2010-07-28,5373.689058092949
2010-07-29,5925.883670572918
2010-07-30,5776.631372178821
2010-07-31,4515.511654311789
2010-08-01,3761.9405926414706
2010-08-02,5328.008130934496
2010-08-03,4861.832932316707
2010-08-04,4271.40616419725
2010-08-05,4362.09495492001
2010-08-06,4214.170993605646
2010-08-07,4039.4810970219005
2010-08-08,4203.168680133351
2010-08-09,5039.563982872598
2010-08-10,5393.600010758879
2010-08-11,5044.45281936098
2010-08-12,5116.944476370529
2010-08-13,5272.846745585313
2010-08-14,5325.952689600227
2010-08-15,4701.604119908522
2010-08-16,4349.297471454326
2010-08-17,4913.565336905075
2010-08-18,7010.748707598824
2010-08-19,4879.88176829594
2010-08-20,4325.228754807692
2010-08-21,4319.957210643936
2010-08-22,4283.957605084802
2010-08-23,5395.792560847356
2010-08-24,4902.950540865385
2010-08-25,4708.305869391025
2010-08-26,5181.685219242455
2010-08-27,4609.736238981527
2010-08-28,4281.538599902794
2010-08-29,4711.935697165466
2010-08-30,5573.786179220083
2010-08-31,6830.718791065704
2010-09-01,5647.408930405313
2010-09-02,5340.229285949185
2010-09-03,6253.224048477567
2010-09-04,5736.626777777778
2010-09-05,4508.459656550482
2010-09-06,4491.438059578661
2010-09-07,4610.564912116718
2010-09-08,4768.133906927182
2010-09-09,5541.02071875336
2010-09-10,5124.874158653847
2010-09-11,4558.870509164662
2010-09-12,5394.411400874735
2010-09-13,5199.106050514155
2010-09-14,5572.89057682292
2010-09-15,5019.421507829194
2010-09-16,4646.937947105697
2010-09-17,5115.865691122465
2010-09-18,4662.217705078126
2010-09-19,4740.265635817308
2010-09-20,5544.561895369721
2010-09-21,5456.207122061965
2010-09-22,5464.45367217548
2010-09-23,5872.015079276845
2010-09-24,6224.386049095216
2010-09-25,5287.382552049947
2010-09-26,5883.35762183804
2010-09-27,6524.884878672543
2010-09-28,4594.70994528746
2010-09-29,4377.33779098604
2010-09-30,4964.617547350761
2010-10-01,5565.247299178688
2010-10-02,5080.572151075054
2010-10-03,5183.519740584937
2010-10-04,5467.23888621795
2010-10-05,6292.690328275241
2010-10-06,5697.953591646634
2010-10-07,5403.41318629808
2010-10-08,5613.782372521037
2010-10-09,5348.445787259614
2010-10-10,5463.079372095352
2010-10-11,6089.7466207932675
2010-10-12,6391.307870860042
2010-10-13,7326.917547826524
2010-10-14,6975.404955328522
2010-10-15,4556.83515783587
2010-10-16,4862.1838901075025
2010-10-17,5129.757166741787
2010-10-18,5104.759588541665
2010-10-19,5692.339571314103
2010-10-20,5788.973598273904
2010-10-21,6350.425132512019
2010-10-22,6490.609935897438
2010-10-23,4477.655161024304
2010-10-24,4827.592525040067
2010-10-25,6207.352673010149
2010-10-26,5975.605282118055
2010-10-27,5950.450729717549
2010-10-28,5830.839930288462
2010-10-29,6674.6683136601905
2010-10-30,6359.440508413465
2010-10-31,5273.660119265824
2010-11-01,4957.613784788996
2010-11-02,5480.1758240267745
2010-11-03,5077.150888321312
2010-11-04,5007.012466129139
2010-11-05,4947.092551807895
2010-11-06,5277.179275791266
2010-11-07,5982.199477313704
2010-11-08,6466.775298853169
2010-11-09,6933.078889957263
2010-11-10,7723.9806157268295
2010-11-11,7617.017634515223
2010-11-12,8331.834365484778
2010-11-13,7936.948831463675
2010-11-14,6678.063596103764
2010-11-15,6662.4712531550485
2010-11-16,6165.971041816907
2010-11-17,6595.746605109842
2010-11-18,5834.48472734709
2010-11-19,5915.799187850556
2010-11-20,5754.775838166064
2010-11-21,5853.054686289729
2010-11-22,7012.647891776844
2010-11-23,7108.143381702388
2010-11-24,7467.043588608439
2010-11-25,7399.884100477431
2010-11-26,7474.905844342612
2010-11-27,6481.307787585134
2010-11-28,5356.506862822182
2010-11-29,6125.93512823017
2010-11-30,6224.248381577192
2010-12-01,6785.920303986381
2010-12-02,7144.743281350162
2010-12-03,6993.500075036725
2010-12-04,6803.470064102562
2010-12-05,6835.833798853166
2010-12-06,7877.756374983307
2010-12-07,8045.362022235576
2010-12-08,8800.930239508207
2010-12-09,8712.868965853697
2010-12-10,7320.205811398239
2010-12-11,7170.098286633613
2010-12-12,6572.145732814171
2010-12-13,7626.928110835669
2010-12-14,7831.733632311695
2010-12-15,7682.50967377981
2010-12-16,7344.313893404444
2010-12-17,6946.302705379119
2010-12-18,5984.610841657242
2010-12-19,5010.234360426684
2010-12-20,6456.989099734574
2010-12-21,6896.475377278649
2010-12-22,7181.0838410456745
2010-12-23,6666.848396976827
2010-12-24,6616.445365918798
2010-12-25,6400.458074361583
2010-12-26,4961.1846663661845
2010-12-27,5073.597708950988
2010-12-28,5839.703063902241
2010-12-29,6936.765229166666
