date,avg_temp,avg_load
8/6/2007,13.213541666729165,9804.455625000002
2/22/2006,24.240625000000005,9075.217708125
3/24/2007,18.74375,8802.612500000001
11/4/2008,18.03020833333333,8534.18979166667
7/30/2007,11.938541666916665,10163.060625
11/24/2007,22.066666666875005,8068.071458333333
9/5/2009,14.840624999999998,7992.871041666666
7/2/2007,16.95,9898.394791666666
6/3/2008,16.98854166666667,9563.240000000003
8/6/2008,10.968750000208336,10444.444583333334
2/24/2007,21.582291666666666,8799.031249999998
6/11/2006,10.378125000125003,9188.214166666667
1/9/2008,24.14166666666667,9312.989375000003
3/20/2010,25.42708333333334,8504.858125
8/5/2008,11.778125000000001,10446.414791666662
4/13/2010,18.28645833333334,8527.834791666664
10/12/2006,26.789583333333326,8843.028125
7/31/2007,18.043750000208338,10262.73479166667
5/16/2008,17.395833333124994,9056.892291666667
8/1/2010,11.58124999997917,8445.587083333334
3/13/2006,22.963541666666682,9551.7484025
5/8/2007,20.28541666666667,8789.198541666663
12/15/2008,20.391666666666662,8495.312916666668
6/2/2010,16.379166666666666,9327.769166666669
8/30/2007,20.915625,8960.122083333334
9/2/2010,15.576041666666667,8914.072291666665
6/11/2010,11.922916666687499,9991.096666666663
12/3/2007,22.510416666875003,9042.522291666664
7/1/2006,12.785416666645837,9423.550000000001
1/5/2007,22.390625000208342,8593.95625
12/31/2006,20.88229166666667,7302.715
10/28/2007,25.691666666666666,7808.2387499999995
12/19/2006,19.91875,8964.679166666667
8/25/2008,13.752083333333333,9981.074999999999
8/3/2010,12.703125000000002,9950.910208333333
8/23/2007,13.516666666666671,9885.105000000005
4/11/2007,19.97916666666667,8359.8375
5/19/2009,17.638541666666658,9115.243124999999
11/29/2007,21.760416666666668,9240.006041666666
2/1/2009,24.91666666666667,9142.790833333333
5/3/2008,14.276041666520833,8463.990000000002
4/1/2006,16.637500000208338,7645.410971875003
9/12/2010,17.72708333333334,7911.887916666667
8/25/2010,13.15,9309.197916666666
12/7/2010,23.375,8948.851874999998
5/20/2008,14.77395833354167,9458.639583333332
2/20/2007,24.066666666874998,9756.683958333333
7/19/2008,14.317708333333336,9440.516041666668
2/10/2007,23.11145833333333,8536.859166666667
6/28/2007,14.106249999999996,10671.488333333333
5/12/2009,15.058333333333332,9222.24333333333
11/19/2006,22.123958333541662,7755.771666666667
12/6/2007,22.50833333333333,9334.938958333334
5/16/2007,19.030208333541665,8764.300416666669
5/27/2008,14.55416666666666,9360.223541666666
12/1/2006,20.30937499979167,9744.501458333334
1/6/2007,23.907291666875,8331.505833333333
9/1/2007,17.34270833354168,8223.942083333332
12/25/2007,19.840625000208327,6800.660625
5/25/2009,16.87604166666667,8797.76375
1/17/2010,20.928124999999998,7915.436666666666
5/12/2007,18.920833333333334,8079.100000000002
1/17/2007,23.066666666666666,9773.599375
7/21/2010,10.073958333333335,10305.308541666665
2/27/2007,22.911458333125,9207.67375
7/13/2008,15.244791666875,9279.0425
2/12/2007,21.35833333333333,8946.542708333334
3/8/2010,24.943749999999998,9281.634375
6/1/2008,16.215625,8643.60875
11/23/2006,20.977083333333333,9183.516250000002
10/2/2009,14.91770833333333,8454.343333333334
9/26/2006,20.016666666666666,8797.061875
12/28/2008,21.998958333333334,7977.585833333335
9/28/2008,15.702083333333329,7849.77375
1/7/2006,23.53333333333333,7620.753992291666
11/30/2007,20.059375000000006,8972.737499999997
8/9/2010,13.46875,9728.346250000004
10/10/2008,17.79375,8612.927083333332
5/31/2008,15.114583333541669,8757.033333333331
10/16/2006,17.806250000000002,8506.34666666667
6/27/2006,11.432291666500001,10393.637916666668
10/19/2006,21.665624999999995,8973.131250000002
3/24/2010,22.684375000000006,8962.810833333335
12/2/2008,24.044791666875003,8998.955625
11/10/2008,19.57708333333333,8822.162499999999
9/27/2009,15.353124999999999,7910.351041666669
11/30/2010,19.114583333333336,8466.334583333335
9/5/2008,12.653125000000001,9899.276249999997
7/6/2008,14.157291666666671,8925.547708333332
7/31/2010,13.722916666458334,8555.27333333333
10/5/2010,19.453124999999996,8410.47125
4/2/2007,21.079166666666666,8599.954791666665
4/13/2007,19.179166666875002,8403.852916666667
11/18/2008,19.690625,8754.886041666667
4/5/2007,18.334374999999998,8586.128958333333
5/5/2006,16.81250000020833,8775.923576250001
5/17/2008,12.991666666729168,8560.699375
4/1/2008,21.078124999999996,8746.220624999998
6/14/2009,12.65208333335417,9358.846666666666
2/17/2008,22.137500000000003,7731.2231249999995
11/4/2010,15.52708333333333,8384.209791666668
12/18/2008,20.16145833333334,9139.347708333333
9/23/2006,23.817708333749994,8051.810208333333
8/3/2008,11.742708333333331,9138.738541666666
9/1/2009,14.840624999999998,8953.207291666664
8/21/2006,16.351041666729166,9401.562916666666
5/2/2007,21.864583333749994,8663.506666666663
2/13/2010,23.193749999999998,8661.1725
5/8/2009,16.05104166666666,8845.419166666665
12/1/2010,20.787499999999998,8487.50104166667
7/4/2006,12.753125000208334,10104.561666666666
11/14/2009,21.46979166666667,8268.905208333332
1/24/2007,21.388541666666672,9493.513333333334
7/12/2009,14.509374999999999,8922.126666666667
6/20/2006,12.901041666666664,10079.849374999998
12/7/2007,21.23333333333333,9382.052499999996
4/6/2010,21.059375,8368.699166666667
5/22/2007,14.089583333333332,9106.49333333333
9/23/2008,14.571875,9041.472708333335
8/20/2009,18.227083333125005,9219.550000000003
7/20/2008,13.455208333333331,9314.707083333335
7/11/2010,13.055208333333335,8605.920208333331
12/8/2009,20.919791666666665,9782.35645833333
12/28/2009,22.381249999999998,7626.666041666666
11/3/2006,17.609374999999996,8693.066458333333
10/12/2007,14.702083333333334,8639.550833333331
11/15/2008,18.641666666666666,8244.960833333333
2/22/2007,23.356250000000006,9626.207291666668
6/3/2010,16.593750000000004,9323.974583333335
7/16/2007,8.696875000124999,10866.440416666666
10/10/2010,18.8875,7520.321041666666
11/11/2006,21.35625,8086.861875
12/21/2009,24.568750000000005,9026.889374999999
10/20/2006,15.153124999999998,8855.668541666668
12/6/2006,20.834375000208336,9085.124791666667
12/25/2006,18.04479166666667,6698.577291666667
3/31/2007,19.398958333541664,7808.935416666668
12/29/2008,22.21354166666666,8014.866874999997
7/11/2009,13.622916666666663,9241.240208333335
12/30/2009,22.520833333333332,8139.750833333333
1/25/2007,23.169791666666672,9159.862291666666
6/14/2010,12.783333333312504,9203.763958333335
5/15/2010,15.347916666666668,8464.94270833333
5/9/2006,16.62395833333333,9342.176840208334
8/25/2006,13.921875,9255.205416666666
2/9/2008,18.919791666875,7882.608124999996
1/26/2010,24.121875,9294.970833333333
8/27/2010,12.801041666687501,9362.764791666666
2/10/2010,25.097916666666663,10028.636458333336
7/6/2009,10.565625000041665,10237.905208333332
6/2/2006,13.585416666666665,10203.019791666668
6/7/2006,13.22916666666667,9927.067916666669
4/16/2008,16.92187499999999,8782.778125
10/22/2007,19.703125000000004,9023.89083333333
12/4/2007,21.916666666666657,9223.495208333332
2/15/2007,23.932291666666675,9347.878125
11/27/2007,21.72395833333334,8984.083333333334
8/3/2006,10.877083333333331,10116.292291666668
1/1/2007,20.69062500041667,7154.631666666664
11/8/2010,19.93020833333334,8436.246875000003
12/16/2010,21.540624999999995,8864.745624999998
4/26/2008,20.390625000208335,7898.883750000001
7/24/2008,10.884375000020837,10638.886458333332
6/24/2006,11.17708333333333,9202.322083333333
3/18/2010,22.95416666666667,8937.59125
6/2/2008,16.692708333333325,9370.144375
5/13/2010,15.044791666250001,9130.241250000001
2/20/2008,22.695833333333336,9184.356666666667
7/7/2010,11.393749999979166,10176.313541666668
1/8/2009,19.390625,8701.343541666667
3/30/2008,19.503125,7568.078125000001
3/4/2010,22.907291666666666,8860.332500000002
8/20/2008,14.479166666645831,10246.842499999999
3/1/2007,23.877083333750004,9243.678125000002
3/19/2009,23.181250000000006,8967.502708333335
3/19/2008,23.738541666875005,9248.793749999999
2/28/2007,22.716666666666665,9307.44875
3/16/2006,22.65312499979167,9085.842290625
6/10/2006,11.468749999916666,9241.971875
1/9/2007,21.417708333333337,8594.351874999998
9/19/2008,25.159375000000008,8907.991249999997
1/4/2009,23.8125,7661.893541666669
11/20/2007,22.06979166666667,9530.771041666667
10/29/2006,17.362500000208335,7626.802708333334
7/18/2010,11.738541666666668,8826.68229166667
4/18/2008,17.857291666666665,8847.692500000003
3/17/2009,21.071874999999995,8680.580208333333
1/12/2007,21.66875,9976.516250000002
2/16/2010,21.958333333333332,9010.578749999995
2/8/2007,23.582291666666663,9414.576875
8/13/2006,14.335416666875,8615.448541666667
9/25/2008,17.142708333333335,8924.750624999999
6/5/2009,13.378125000020832,9148.458750000003
11/1/2009,21.448958333333337,7873.608125
7/19/2007,11.72291666670833,11071.35166666667
4/17/2008,16.8,8892.379999999997
8/29/2006,17.52812500020833,9478.847291666669
1/17/2009,19.740625,7798.846666666667
12/19/2009,20.896875,8206.298541666665
6/8/2008,14.828124999999995,8487.872708333334
10/1/2007,20.033333333333335,7768.491666666666
4/21/2008,17.184375,8803.07
4/3/2009,19.691666666666666,8883.70083333333
4/20/2009,18.359375000000004,8318.249583333336
7/2/2010,11.043749999958337,10718.94
6/19/2007,11.609375000041666,10582.747708333334
8/23/2009,20.411458333333325,7819.7752083333335
11/10/2007,18.94687500020833,7941.985208333334
11/9/2010,21.13333333333333,8529.655416666666
4/9/2008,18.405208333749993,8768.631666666666
3/23/2006,20.239583333541663,8743.386285
5/2/2006,18.344791666666666,8828.786979791668
8/16/2010,12.36458333333333,9145.61625
12/16/2007,20.19166666666667,8019.187708333331
9/27/2006,18.030208333333334,8752.369375
6/5/2007,13.476041666937498,9760.977499999999
5/7/2010,16.72083333333333,8798.786666666665
4/17/2010,20.96666666666667,7887.469375000001
12/6/2008,21.31041666666666,8765.290000000005
6/15/2009,12.476041666687498,9949.569374999997
5/13/2006,15.029166666875005,8362.870764166668
4/13/2009,20.53125000020834,7482.579375000001
9/7/2007,14.475000000208334,8939.502916666663
2/7/2006,21.782291666666666,8578.44583416667
4/19/2010,20.853125,8679.030833333334
4/4/2008,17.128125000208332,8644.883541666666
5/23/2010,14.219791666666666,8637.089583333332
12/13/2009,20.885416666666668,8285.726874999998
8/11/2006,12.7614583335625,9863.366250000001
8/2/2008,12.826041666645834,9473.290833333334
9/11/2008,16.323958333395833,9559.516875000003
12/13/2010,22.530208333333334,8801.522291666666
10/31/2007,20.408333333333328,8806.517291666665
12/18/2010,20.54375000020833,7574.073958333332
11/14/2007,20.720833333333335,8958.661666666665
8/27/2006,14.963541666666671,8259.958125000003
9/14/2007,16.593749999791665,8815.305625
7/24/2006,14.073958333333335,10153.801458333335
1/1/2008,23.004166666875005,7879.803749999999
3/9/2008,22.83125000020834,7877.423541666667
4/2/2006,18.291666666875,7381.204444583332
6/4/2010,15.210416666666665,9369.434583333334
9/29/2006,16.66562500020833,8587.792291666667
8/19/2010,14.361458333333337,8834.543333333331
4/19/2009,18.633333333333326,7496.016041666666
7/6/2006,11.531249999958334,9957.159583333332
12/9/2010,23.90729166666667,9475.54395833333
7/10/2006,16.473958333541663,10073.708749999998
11/4/2009,18.285416666666663,8817.285
8/2/2009,14.322916666708338,8697.169166666668
1/8/2007,20.39895833333333,8532.28666666667
9/25/2006,17.464583333333334,8546.381874999997
2/24/2009,22.844791666666666,9427.92291666667
2/14/2007,22.590625000208323,9058.015416666667
8/28/2010,12.631249999979167,8813.063124999999
10/29/2009,20.290625000000002,8713.93604166667
9/23/2009,18.59583333333333,8459.076666666666
5/17/2009,15.677083333333329,8147.041666666665
11/16/2008,18.284375,7801.151458333333
11/28/2009,24.894791666458335,9076.257291666667
3/24/2009,22.87708333333333,9220.603958333331
11/30/2006,23.710416666249998,8719.098541666664
12/3/2010,20.848958333333325,8721.347083333336
11/18/2006,20.127083333333328,7914.772708333331
3/11/2010,21.017708333333335,8507.195833333333
8/1/2008,12.857291666666669,10184.121666666668
5/22/2008,14.267708333541668,9533.232291666669
3/23/2008,21.51041666666667,7362.304166666668
6/23/2007,10.775000000083338,9922.772291666666
8/28/2007,17.83854166666666,8999.199374999998
3/11/2006,24.611458333333328,8223.191700416668
5/31/2007,13.801041666875006,9565.344375
3/27/2009,20.03854166666666,8633.205833333332
2/10/2006,22.825000000208338,8647.516666041667
6/19/2006,13.49270833354167,10206.235416666665
3/22/2010,22.785416666666674,8939.432708333334
3/4/2008,21.931250000000006,8978.626666666667
4/22/2010,22.350000000208336,8730.877916666665
9/7/2009,15.353125,8888.501666666667
5/17/2007,18.272916666458336,8858.098958333334
10/25/2008,20.508333333333333,7929.845833333334
5/8/2010,17.572916666666668,8135.751458333332
12/24/2006,21.180208333333336,7524.4574999999995
4/4/2009,19.58958333333334,7834.871458333335
4/26/2009,14.53645833333333,7650.948333333334
6/19/2010,13.90104166666667,9086.641041666668
5/12/2006,15.265624999999993,9191.80454875
3/3/2007,25.718749999791665,9206.535624999999
7/5/2010,12.108333333333336,10152.238750000002
9/30/2008,18.454166666666662,8850.531666666666
10/21/2007,22.723958333541674,7888.329791666666
9/25/2009,17.804166666666667,8489.619583333333
8/29/2007,18.843749999999996,8887.854166666666
3/25/2009,23.532291666666666,9176.636875000002
7/20/2010,10.812500000020835,10126.341458333334
12/10/2010,21.14375,9001.494583333335
11/10/2006,21.812500000416666,8596.772291666666
9/15/2006,16.604166666875006,8780.93520833333
10/20/2007,20.865625000208333,7992.793333333332
8/13/2009,14.986458333333331,9383.080833333335
9/18/2007,17.02083333375,8972.240208333335
10/9/2006,15.154166666666669,8409.641875
10/24/2008,18.277083333333334,8712.013333333332
5/29/2010,14.735416666666667,8718.636666666665
3/8/2006,24.390625,8856.518541458334
4/22/2006,14.879166666687503,7937.824028124999
1/22/2010,29.093750000416662,10745.424375
1/13/2008,20.516666666666666,8792.828541666668
10/1/2006,18.31354166729167,7495.467291666664
8/9/2007,17.609375000208335,9490.650208333334
2/26/2007,22.40520833354167,8965.523541666666
10/4/2007,18.13020833354167,8697.77708333333
6/13/2009,12.717708333333334,9554.726041666667
5/21/2006,13.751041666458335,8126.318472708333
12/12/2007,19.665625000208333,8838.360208333334
10/2/2010,16.777083333333334,7873.530416666667
11/15/2009,23.207291666666666,8071.720208333331
2/23/2006,24.363541666666666,9057.077292499996
3/1/2010,19.859375,8560.798958333331
11/18/2010,17.944791666666667,8453.517083333334
11/26/2010,21.769791666666663,8927.396041666665
5/4/2008,14.989583333354162,8277.41
7/23/2008,12.117708333333335,10769.435000000005
1/7/2007,20.932291666458337,7809.771874999998
2/18/2010,22.85208333333333,8855.477291666668
1/9/2010,26.323958333333334,9242.460208333332
5/19/2007,17.10625,8087.496666666665
3/10/2006,23.77395833333334,9186.623263541669
8/14/2008,13.505208333333334,10502.260625
12/11/2009,21.983333333333334,8885.981458333334
4/6/2007,17.083333333333332,7451.020416666666
2/5/2009,25.341666666666654,10901.856666666667
6/10/2007,12.718749999979165,8508.322916666666
6/1/2010,14.908333333333333,9350.634791666665
2/15/2010,22.959374999999998,9693.409375
6/9/2009,10.741666666666665,9789.289166666664
4/30/2009,15.659374999999997,9046.049166666666
10/17/2006,23.94687500041667,8732.290625
1/20/2010,24.156250000000004,8972.363541666668
8/26/2008,12.9479166666875,9840.273749999998
10/11/2006,21.505208333541663,8595.525833333331
1/20/2006,24.16875000020833,8672.169305625
11/7/2006,16.870833333333337,8563.978333333333
10/24/2007,18.577083333333327,8741.969999999998
10/8/2008,16.025000000000002,8660.65208333333
11/22/2006,20.51250000020833,9738.847916666668
9/26/2007,20.256249999791667,8785.454583333334
6/13/2008,12.298958333354165,9449.304166666667
1/11/2009,22.259374999999995,7708.260000000003
2/4/2006,22.650000000208326,7981.559097083333
12/17/2010,21.507291666874995,8397.332083333336
2/4/2007,23.206249999999997,8412.982708333331
12/11/2010,23.471874999999997,7942.380208333332
5/20/2009,18.158333333333335,9071.260208333333
9/20/2008,18.58333333333334,8305.28354166667
6/26/2010,10.290625000041667,8851.014583333334
12/23/2007,19.89375000020833,7448.776875000003
9/23/2007,17.58958333375,8075.103958333333
5/30/2010,15.581249999999999,8380.786041666668
6/16/2006,11.336458333562502,10337.07291666667
12/7/2008,20.10104166666667,7804.0825
10/7/2008,15.438541666666666,8606.231458333334
10/26/2010,18.348958333333332,8467.278333333334
12/15/2007,21.058333333333334,8459.983333333332
11/3/2008,17.12604166666667,8871.124375
10/11/2007,17.418749999791665,8925.162499999997
3/29/2008,20.111458333750004,7876.675416666666
3/2/2010,20.998958333333338,8527.116041666668
4/28/2010,18.640625,8564.087708333334
11/9/2008,20.417708333333337,7727.401666666668
7/9/2010,12.778125000020834,9881.047708333334
12/14/2006,18.85416666625,9748.876666666669
5/16/2010,14.826041666666667,8220.245833333332
5/20/2007,17.110416666666676,7811.805833333333
12/3/2006,18.196875000208333,7605.615833333332
4/9/2010,21.28958333333333,8441.654375
4/21/2009,18.353125000000002,8508.307083333331
9/28/2006,18.635416666666668,8673.711875
10/16/2007,15.71354166666667,8999.743333333332
3/22/2009,22.714583333333326,7779.460624999997
10/19/2009,19.731250000000003,8527.498958333332
12/19/2008,18.017708333333335,8579.815625
2/12/2010,23.17291666666667,10284.141875
12/24/2008,20.256249999999994,7954.435
8/19/2007,14.642708333333333,9141.519583333333
7/14/2008,13.872916666645828,9709.387083333333
6/6/2007,15.27083333333333,9640.407708333334
7/22/2010,12.142708333333333,10359.411875
5/19/2006,16.41458333333333,8974.355347083334
11/6/2009,20.208333333333336,8550.919583333334
3/6/2009,22.265625,8520.648958333333
11/18/2009,22.81979166666667,8969.781874999999
9/3/2009,18.771874999999998,8989.951875
1/4/2008,22.551041666666666,8631.972708333333
9/27/2010,20.561458333333338,8250.728333333334
3/29/2007,19.761458333749996,8797.224583333335
9/17/2007,16.016666666666662,8859.398958333335
2/7/2010,24.3125,8105.730625000001
11/28/2008,19.603125,8806.654374999998
11/16/2006,15.568750000208338,8720.968333333336
4/4/2010,18.390624999999993,7211.103124999999
7/17/2010,12.620833333499997,9176.725416666668
7/15/2008,12.742708333312505,9818.911250000001
6/12/2010,11.322916666708336,9356.277500000002
1/2/2008,23.687500000000004,8818.703333333333
8/7/2006,12.506249999979167,9901.411874999998
5/5/2008,16.115625000208333,9149.024791666669
3/10/2010,20.66458333333333,8648.830833333332
6/6/2006,12.868749999999999,10198.55916666667
11/12/2010,24.072916666666668,8998.813750000001
10/2/2008,28.01354166666667,9063.928750000001
6/4/2008,15.999999999999998,9503.561666666665
3/8/2009,21.178125,7675.250833333332
10/7/2009,13.683333333333335,8794.326875000004
8/18/2009,13.256250000000001,9378.197916666666
10/21/2009,18.771874999999998,8914.603333333336
6/2/2007,14.066666666687503,8730.098958333334
1/31/2006,25.078125000000004,9077.168646041668
12/20/2007,24.071875000000002,9045.194791666667
4/29/2007,18.822916666666668,7677.703541666667
6/16/2008,15.058333333333335,9614.056458333334
10/28/2006,14.956250000208337,7883.694375
1/19/2006,23.046875,8484.019444583331
5/11/2006,14.681249999999999,9203.776318541668
3/28/2009,20.46666666666667,7755.943541666667
5/10/2010,18.71666666666667,8623.177083333332
7/26/2007,14.662500000000001,9836.368750000001
11/16/2007,22.073958333541665,9180.196666666669
3/9/2007,20.435416666875,8747.76041666667
4/11/2009,21.83125,7528.642291666668
8/4/2009,12.830208333354166,9777.197708333335
9/21/2010,16.166666666666664,8774.931041666667
2/25/2008,22.283333333333328,8772.498958333332
12/9/2008,20.488541666666663,9166.006458333333
3/29/2009,22.196875000000002,7565.423749999997
2/20/2010,25.627083333333335,8468.077291666666
3/7/2009,21.232291666666665,7955.527708333332
6/15/2006,11.607291666875,10499.345624999998
10/18/2008,21.98229166666667,7971.99625
12/15/2010,21.817708333125,9155.189375000004
4/14/2006,19.104166666666668,7538.230763958334
7/28/2010,13.951041666666669,10014.73
3/25/2006,20.03020833333333,7715.406632291666
10/25/2007,18.769791666666666,8780.643541666665
1/25/2006,22.982291666666665,8647.444027708332
3/11/2007,21.525000000000006,8070.235
12/9/2009,24.126041666666662,9008.051875
7/18/2007,10.30312500020833,11092.789374999998
7/21/2006,12.10624999997917,10227.575208333334
3/28/2008,18.698958333541665,8585.468541666667
10/18/2009,17.259375,7655.2087500000025
12/7/2006,21.443750000208336,9195.06395833333
11/14/2008,20.348958333333332,9614.475625
7/22/2008,9.562500000041668,10520.900625
1/4/2007,22.113541666875005,8352.288333333332
7/8/2007,12.602083333562499,9472.688541666668
1/13/2006,24.253125,8850.31986083333
12/6/2010,23.139583333333338,8851.571041666668
8/13/2008,11.774999999979165,10448.560833333331
10/12/2009,20.49479166666667,8579.730000000001
7/31/2006,12.531249999979167,9843.478125000001
10/2/2007,24.415625000416668,8684.615208333333
10/5/2009,14.845833333333333,7722.27875
4/23/2010,23.253125,8650.787083333333
2/20/2006,24.092708333541662,9115.020104374998
7/28/2009,13.69999999997916,9844.02875
8/1/2009,12.677083333375004,8901.057708333334
11/1/2007,20.719791666875,8848.04375
1/22/2006,24.558333333333334,8707.004374791666
10/6/2010,17.568749999999998,8432.40375
7/21/2008,10.50625000004167,10016.822499999997
7/15/2009,11.1875000000625,9918.480000000001
8/13/2007,10.833333333520834,9354.9425
3/21/2006,20.821874999999995,8654.462568541667
10/30/2006,20.497916666874996,8545.201874999997
4/23/2007,17.240624999999998,8556.876458333334
10/17/2007,16.63125000020833,8616.313124999997
2/24/2006,24.230208333541658,9251.589132083333
9/7/2010,13.078125000020833,9166.045416666666
10/17/2010,17.601041666666664,7577.601875000001
7/27/2006,14.040625000208335,9752.29541666667
1/22/2007,23.346875,9762.64625
1/31/2007,21.260416666666668,9422.099999999997
2/21/2009,22.414583333333336,8207.026041666668
8/28/2006,15.67395833354166,9259.312291666667
1/12/2009,22.792708333333334,9058.026666666667
11/26/2007,20.402083333333334,9094.054166666667
4/26/2010,16.013541666666665,7534.996875
8/27/2009,17.976041666666667,8897.253958333335
6/17/2006,11.564583333583336,9590.899791666665
1/30/2006,21.692708333333332,9689.812221874998
5/1/2008,15.844791666874997,9354.570208333333
1/27/2010,23.587500000000002,9571.342083333335
5/1/2006,17.292708333333334,8678.502639166667
7/2/2009,12.965625000000008,9414.699999999997
11/12/2009,20.378125,9303.9525
7/18/2006,10.499999999958336,10033.692916666669
9/24/2010,18.942708333333332,8543.342083333331
12/30/2008,23.389583333333338,8139.849583333333
4/17/2006,21.088541666666668,7486.357430625
8/2/2006,12.212500000187498,10308.328958333334
5/27/2010,15.786458333333336,9273.974583333335
7/17/2006,13.009374999999999,9728.844583333334
1/15/2008,23.639583333125003,9197.221250000002
6/26/2008,13.37187500002083,9924.110208333332
2/6/2006,20.78854166666667,9778.0552775
5/7/2009,15.955208333333331,8904.685416666665
4/3/2007,20.271875000000005,8707.984583333333
6/27/2009,13.560416666666667,9244.766666666665
1/15/2007,23.27187500000001,9088.937708333335
1/3/2009,22.145833333333332,7356.850416666665
3/25/2007,20.344791666666662,7568.010208333336
8/11/2010,13.665625000000004,9597.495416666668
4/26/2007,16.20625,8563.68625
3/31/2006,18.376041666875,8592.34239625
4/27/2006,17.132291666666664,8695.480833125
3/22/2008,20.64895833333334,7657.762916666664
9/17/2008,14.829166666666666,9314.326458333337
10/14/2009,17.845833333333335,8479.640625000002
5/31/2009,15.164583333333335,8506.047708333334
12/28/2007,23.130208333541663,8156.359166666669
9/3/2010,18.125000000000004,8970.142083333334
2/25/2010,21.909375000000008,8922.066874999999
11/17/2006,17.903125000208334,8538.630833333335
5/6/2007,18.21041666708334,7639.259166666667
12/13/2007,19.669791666875003,8820.503125
7/3/2008,11.6322916666875,9921.19520833333
6/27/2010,9.444791666645836,9141.81583333333
12/21/2007,23.787499999791667,9448.29875
9/2/2006,21.647916666666664,8113.913750000001
7/25/2006,13.254166666666665,9983.833958333333
12/25/2009,18.085416666666678,7270.696874999999
7/23/2010,12.848958333333334,9966.748958333335
7/21/2009,18.921875000000004,9503.937291666667
10/19/2010,17.125,8642.384166666667
4/15/2006,15.916666666875,7450.052568958335
6/7/2010,12.893750000000002,9603.862083333333
9/5/2007,14.262500000000008,9534.986458333333
1/11/2010,25.886458333333337,9584.220000000001
3/22/2007,24.23958333333333,9812.506875000003
2/16/2009,20.780208333333338,8588.885208333331
12/12/2009,23.103125000000002,8301.292916666667
4/28/2008,12.891666666916665,9049.681041666665
12/24/2010,21.995833333333326,7820.916666666663
6/30/2010,10.625000000041666,10635.194166666666
4/8/2008,18.351041666458336,8783.352708333334
8/20/2007,14.37291666666667,10044.551875
2/11/2008,21.907291666874997,8667.745625
11/22/2008,15.235416666666671,7915.425624999996
1/4/2006,19.58645833333333,8060.226215624996
9/13/2008,20.223958333333332,8192.142916666666
11/17/2008,19.197916666666664,8639.707708333333
6/18/2007,10.660416666583332,9935.006041666667
6/28/2006,12.119791666916667,10307.87625
11/15/2006,12.389583333562504,8643.486875
2/17/2009,21.670833333333334,8721.125208333337
7/18/2009,12.708333333291664,9141.726458333329
8/24/2008,12.213541666666666,9306.954791666667
11/1/2010,15.267708333333337,8442.521666666666
8/8/2009,11.191666666687498,9035.840208333333
2/9/2006,21.41875000020833,9477.29305479167
10/27/2008,19.533333333333335,9170.871458333333
5/25/2008,15.252083333333337,8637.808749999998
2/3/2009,24.08125,10185.665416666669
2/12/2009,18.175,8548.170625000002
3/3/2008,20.486458333333335,8674.91083333333
4/3/2008,16.42187500020833,8683.992708333333
6/10/2009,10.109375000020833,10221.056666666665
4/20/2008,17.003125000000004,7910.724583333335
9/22/2008,16.508333333333336,8870.121458333335
2/28/2006,22.741666666666664,8855.437465
4/14/2008,16.536458333333332,8685.032291666666
11/29/2008,18.826041666666665,7916.609374999999
7/30/2010,16.089583333333334,9334.761041666667
2/19/2010,23.350000000000005,8862.195208333334
1/16/2007,23.406250000208342,9488.02
2/16/2006,24.978125000416668,9054.244167083334
5/16/2006,16.454166666875,9098.151146666665
6/5/2008,15.452083333333333,9569.204375
11/7/2009,20.00833333333333,7883.57
6/13/2010,11.560416666645835,9051.088958333332
4/2/2010,18.634374999999995,7400.931666666664
3/25/2008,21.377083333541666,8834.1925
12/24/2007,18.379166666666674,7722.623124999999
1/15/2010,23.395833333333332,8988.732083333332
6/7/2009,14.501041666666667,8425.002499999997
5/4/2010,16.945833333333336,8720.461041666667
6/22/2006,12.915625000208335,10011.335833333333
5/29/2008,15.100000000208334,9472.283958333333
1/25/2010,25.493749999999995,9304.5175
9/4/2007,14.333333333333337,9409.711666666668
4/24/2007,16.162500000000005,8716.733333333335
1/28/2009,24.49270833333334,10119.476875
7/14/2010,13.005208333333337,9291.081875
1/27/2007,21.11770833354166,8117.223124999998
7/7/2009,11.702083333354166,10397.38875
9/18/2008,19.712499999999995,9139.053333333333
12/22/2006,22.457291666666674,8887.665416666665
5/10/2008,16.15,8404.892291666665
8/19/2006,13.357291666708333,8700.507499999998
7/16/2008,12.459374999958333,9926.96
12/1/2008,20.631250000000005,8838.097499999998
3/27/2010,23.60625,8537.558333333334
3/4/2006,22.604166666458337,7857.560520833333
1/13/2007,21.066666666875005,8228.731458333332
11/5/2009,19.177083333333336,8691.300416666665
7/14/2009,11.335416666604166,9872.8525
9/10/2008,12.941666666666668,9652.557916666667
2/10/2009,19.23020833333333,8906.650625
4/15/2009,19.264583333333334,8411.704999999996
7/10/2009,12.512500000000001,9798.203333333331
10/16/2009,16.518749999999997,8492.164999999999
6/12/2009,12.079166666604172,10356.76229166667
1/28/2007,22.353125000208333,7747.751666666666
10/11/2010,18.775000000000002,8433.204375
3/2/2008,19.309375,7604.918958333335
5/9/2008,16.173958333333335,9090.625208333333
8/2/2010,14.021875000000003,9879.435625
8/26/2010,14.144791666666663,9524.62354166667
5/5/2010,15.367708333333333,8648.335208333332
9/11/2009,19.559375000000006,8789.270208333333
5/22/2009,19.054166666666667,9038.782083333334
4/22/2007,17.615625000000005,7604.001874999998
2/17/2010,22.244791666666668,8989.191041666665
4/8/2006,17.49583333354167,7841.128125208332
4/25/2007,16.758333333333336,7930.137291666667
3/30/2007,18.590625000208338,8592.194375
1/17/2006,20.89479166666667,9099.17975729167
2/5/2007,23.765625,9699.105833333335
8/19/2008,13.144791666687496,10481.258541666664
9/29/2008,16.153124999999996,8653.511874999998
3/16/2010,20.962500000000002,8839.805208333335
1/3/2010,21.27708333333333,7399.899583333332
9/26/2009,13.755208333333334,7908.555416666665
9/20/2010,16.366666666875,8808.061666666666
4/5/2010,20.068749999999998,7458.331458333334
7/17/2007,9.640624999875,11159.726249999998
4/23/2008,17.111458333333335,8954.204166666665
2/2/2009,24.167708333333337,10357.008333333333
10/13/2007,16.97395833354167,7953.395833333336
12/12/2010,22.04479166666667,7751.299791666668
9/30/2006,16.290625000416664,7867.262291666666
4/8/2009,18.868750000000002,8512.632291666667
10/19/2008,18.39791666666667,7879.377499999999
7/4/2010,11.122916666666669,9251.451666666666
2/19/2008,22.357291666875003,9028.429166666663
3/13/2010,20.603124999999995,7794.211458333331
6/10/2010,11.087500000041667,9899.819375000001
11/8/2006,15.93541666666667,8578.689375
5/29/2006,11.820833333604165,9658.252708333335
8/27/2008,12.0958333333125,9882.490625
3/12/2006,25.366666667083333,8360.542048958332
7/7/2006,10.867708333562504,10084.31541666667
3/21/2007,24.385416666666668,9462.680833333334
3/21/2010,22.39687500000001,8347.551666666668
6/21/2010,14.480208333333332,9802.336249999998
10/28/2009,19.091666666666665,8664.880416666667
6/21/2006,13.135416666666664,10150.651666666667
11/6/2007,16.330208333541673,8584.55875
1/23/2010,21.146875,9579.312916666668
8/7/2008,12.178125000020833,10451.256458333333
8/20/2006,14.19270833375,8514.169166666665
2/11/2007,21.042708333333334,8061.499791666665
6/1/2006,11.270833333354163,9757.372083333334
4/18/2007,19.738541666875005,8586.420625
4/24/2010,18.503125000000004,7824.6485416666665
10/18/2006,20.522916666666664,8885.092916666663
10/9/2010,17.749999999999996,7834.343125
3/5/2009,19.640625000000007,8571.308333333336
1/23/2008,21.209375000208333,8727.063541666666
6/29/2010,9.237500000041669,10580.295833333334
5/25/2007,14.06250000025,9252.408541666668
6/3/2006,12.622916666666669,9354.692291666668
3/14/2007,21.888541666875,8757.81104166667
9/14/2008,21.977083333333336,7837.986041666666
7/9/2009,12.772916666645834,10113.407708333334
10/11/2008,18.696875000000002,7905.626666666668
6/11/2007,11.503125000000002,8737.158333333333
8/25/2007,15.743750000416668,8699.673541666669
6/9/2006,13.324999999999998,9898.344583333334
8/8/2007,17.49166666687499,9701.028541666667
3/20/2007,23.98541666666667,9543.647708333332
2/1/2010,24.16875,9565.07354166667
4/28/2007,19.18541666666667,8086.207916666665
3/31/2009,21.504166666666674,8759.059791666667
4/4/2007,20.172916666874993,8707.915625
12/2/2007,21.478125000208333,7822.84625
9/18/2006,21.51145833354167,8644.948958333334
11/1/2008,18.913541666666667,8041.293124999999
10/7/2010,16.712500000000006,8406.207500000002
3/27/2006,22.316666666874994,8667.960555
1/13/2009,24.978125000000006,9464.4675
4/18/2006,23.859375000208328,8260.149687083334
9/14/2006,16.931250000416668,9002.537916666666
10/27/2006,17.00104166666667,8699.627708333335
3/15/2007,26.70000000041668,9149.983125000002
9/9/2007,15.207291666854163,8321.980000000001
4/1/2010,20.286458333333332,8517.539999999999
11/19/2010,18.634375000000002,8254.142083333327
3/21/2009,21.988541666666663,8114.968124999997
11/27/2009,25.832291666666663,9673.735833333332
11/22/2007,19.298958333333335,8931.680624999999
2/21/2008,22.474999999999998,9264.925833333336
3/4/2007,21.956249999999997,9061.100833333334
5/29/2009,13.225,9253.373749999999
1/7/2009,20.020833333333332,9915.455416666666
12/26/2010,17.985416666666662,7171.96625
11/14/2006,18.885416666666675,8640.055208333331
7/4/2007,13.362499999999999,9502.42708333333
1/12/2010,24.112499999999997,10736.342916666668
10/8/2010,17.315625000000004,8429.285208333336
6/29/2008,15.487500000000004,8881.118333333337
12/14/2009,22.120833333333334,8906.989791666667
4/19/2006,23.39062499979167,8594.75576333333
12/8/2010,24.826041666666658,9217.103125000001
3/12/2009,22.339583333333334,8941.19333333333
9/23/2010,17.581250000000004,8683.818958333335
5/20/2006,15.191666666666668,8395.876875
1/17/2008,21.138541666666672,8952.786875
5/2/2008,14.694791666666667,9042.1
3/18/2007,22.041666666875,7804.902083333333
3/18/2006,23.956250000208332,7750.328160000001
9/30/2007,24.50520833333334,7656.036250000001
9/16/2006,16.95312500020834,8122.765416666668
8/21/2010,13.012500000020836,8631.614791666667
8/31/2010,19.629166666666663,9047.69375
6/28/2010,8.860416666520832,10200.184374999999
12/21/2006,21.971874999999997,8934.155
10/9/2008,17.575,8688.576041666667
1/19/2007,23.306250000208326,9754.181458333334
5/22/2010,11.933333333333335,8699.824583333333
1/1/2010,24.854166666875,7801.352916666666
6/18/2008,15.851041666666669,9443.245208333336
8/16/2008,11.066666666604169,9376.033333333333
4/6/2006,18.61041666666667,8545.303958333332
9/16/2007,15.913541666666665,7899.118124999998
1/2/2009,19.666666666666668,7661.696666666668
10/31/2010,18.165625000000002,7548.056458333333
7/6/2010,11.934375000020834,10043.681666666667
5/5/2007,18.280208333541665,7959.672291666667
10/19/2007,18.684375000000006,8779.686875
7/13/2007,10.461458333270832,10545.27541666667
1/3/2007,21.353125000000002,8146.0422916666685
3/17/2007,21.35625,8462.607708333337
3/14/2008,22.803125000208325,9422.394791666668
6/30/2008,14.548958333333333,9672.309791666668
4/6/2009,18.072916666666668,8437.15145833333
12/3/2008,19.863541666666674,9209.812083333332
2/20/2009,22.15833333333333,9231.492291666664
7/22/2007,12.26874999997917,9436.791874999999
4/24/2008,18.514583333333338,8922.04458333333
6/29/2006,10.492708333416665,10136.545625
5/11/2009,14.002083333374998,8958.51791666667
12/24/2009,21.791666666875006,9292.938333333334
9/30/2009,23.831249999999997,8620.846666666666
1/16/2006,23.360416666875,9027.49725625
5/14/2006,15.476041666666667,8080.9204168749975
1/27/2009,23.658333333333328,9526.18625
8/12/2009,14.981250000020836,9471.565416666663
5/3/2007,22.484374999791665,8782.81625
12/22/2008,22.166666666666668,8440.797708333334
1/5/2008,23.757291666875002,8167.004583333334
8/19/2009,14.988541666666665,9389.752291666666
11/23/2010,21.380208333333332,8644.056458333333
2/2/2006,21.837500000000002,10500.787708125
8/16/2007,15.129166666875,9927.908333333335
10/3/2007,18.45937500020833,9012.37875
9/9/2009,15.116666666666669,9012.411458333334
12/14/2008,19.73541666666667,7561.189166666668
6/8/2010,12.38854166666667,9712.775416666665
9/1/2010,16.719791666666666,8781.965416666664
7/23/2009,12.053124999958333,9446.017916666666
2/28/2010,18.98541666666667,8223.161250000001
4/10/2008,18.37291666666666,8827.83416666667
5/6/2008,16.852083333541664,9290.401458333332
4/7/2009,17.697916666666664,8605.175625000002
6/7/2007,14.905208333333333,9887.632916666666
7/26/2009,12.414583333291668,9256.769791666664
9/4/2008,14.004166666666665,9747.415833333334
4/25/2006,15.723958333124997,7792.540313333332
8/9/2008,9.945833333250002,9714.869166666665
7/27/2008,9.261458333270832,9662.663958333333
4/10/2006,21.592708333541665,8517.223472083335
2/19/2007,24.132291666666664,9578.841666666667
1/10/2006,25.367708333750002,9754.662395624999
2/8/2010,24.979166666666668,9514.851666666666
4/27/2009,15.884375000000006,8645.81583333333
5/28/2010,15.788541666666667,9153.430208333333
8/31/2007,15.769791666666663,8818.038125
2/14/2008,20.801041666666666,8802.807916666668
9/12/2006,15.586458333333328,9472.484375
3/1/2008,18.092708333541665,7829.970416666666
12/13/2006,25.288541667083333,8820.2425
8/23/2006,15.636458333333339,9227.422083333333
9/22/2007,13.603125000083333,8494.929791666666
9/7/2006,14.566666666666665,9497.886458333336
9/21/2009,23.165624999791664,8448.239375
8/25/2009,16.285416666666666,8828.328958333334
11/9/2009,20.367708333333336,8859.650625
11/23/2007,19.739583333333336,8704.255000000001
1/7/2008,22.627083333333335,9262.187083333332
11/13/2008,22.825000000000006,9303.919166666668
11/5/2007,15.671875,8520.856875000001
8/31/2009,15.391666666666667,8854.512916666667
9/8/2007,13.285416666666661,8601.057916666667
5/10/2009,14.822916666666666,7978.631458333332
3/27/2008,18.392708333541666,8641.957916666664
4/29/2009,13.30625,8987.721874999997
11/20/2009,25.590625,10482.844375
10/16/2010,16.038541666666664,7882.0620833333305
12/15/2006,18.81666666666667,8853.769791666668
4/9/2009,19.096875,8391.547083333331
12/17/2008,22.734375000000004,8875.717291666668
1/30/2008,24.26770833333333,10288.717916666666
4/2/2009,22.338541666666668,8828.075833333332
11/22/2009,20.292708333333334,9503.372291666668
5/24/2010,15.082291666666665,9335.73666666667
11/15/2007,21.385416666666668,9128.963333333331
10/25/2009,15.812500000000002,7629.026666666664
2/2/2008,22.548958333333335,8428.638541666665
9/15/2010,14.886458333333335,8766.689583333333
4/17/2007,19.87187500020833,8580.024375000003
5/27/2007,16.491666666666664,8143.639375000003
3/16/2008,22.61770833354166,8210.156666666666
12/4/2010,22.093749999999996,8006.3466666666645
11/18/2007,22.00000000020833,8214.414583333333
1/21/2007,24.88645833354167,9410.288125000001
8/27/2007,19.013541666875003,8989.182083333331
10/22/2008,12.015625000041668,8934.678750000001
7/2/2006,12.6541666666875,9114.499791666663
12/27/2006,21.858333333333334,7641.717291666664
10/22/2006,15.98958333375,7749.368958333335
4/12/2010,17.167708333333334,8306.047083333333
12/3/2009,20.461458333333333,8811.134166666667
6/14/2006,10.707291666729168,10363.083125
11/25/2010,21.260416666666664,9049.539791666668
3/3/2010,21.54166666666667,8673.289583333333
3/2/2009,24.027083333333334,9059.763750000002
5/9/2010,17.9125,7730.078750000001
7/3/2009,12.1333333333125,9688.162916666666
9/17/2009,20.038541666666664,8698.540625
4/7/2007,18.103125000208333,7525.223750000001
8/17/2010,13.286458333083331,9615.256041666667
12/1/2007,21.182291666875,8076.965833333333
1/10/2010,23.519791666666666,9101.040625
11/28/2006,20.21145833333333,9897.471249999999
3/4/2009,20.103125000000002,8975.989375
6/24/2008,13.668749999791666,10015.357708333335
6/9/2010,12.2822916666875,9827.503750000002
5/25/2010,14.797916666666666,9379.134583333334
11/27/2006,23.595833333541673,8866.641249999999
5/19/2008,14.951041666875,9338.09875
7/28/2008,10.618750000041667,11012.244583333333
4/29/2006,17.647916666458332,7993.3112154166665
11/6/2006,17.150000000208326,8551.358541666668
7/13/2009,12.643749999999999,9519.40020833333
12/23/2009,26.048958333333328,9696.941666666666
6/30/2009,17.211458333333336,9565.725208333331
2/26/2010,23.335416666666664,8893.763749999998
9/13/2006,16.215625000208334,9034.287291666667
7/9/2008,10.929166666604166,10518.13083333333
9/22/2010,16.45625,8633.54625
8/15/2007,12.977083333312494,9818.02125
3/2/2007,25.44270833333334,9360.7875
5/16/2009,14.97916666666667,8232.422083333333
3/24/2008,22.153125000208338,7808.750000000003
1/5/2009,23.790624999999995,9367.30666666667
10/29/2010,20.680208333333336,8391.664791666666
12/31/2008,25.25104166729167,8085.341666666664
2/24/2008,21.91875,7742.629583333334
3/3/2006,22.921875000208342,8676.284513958335
2/11/2010,27.93229166666666,10174.005000000001
9/16/2010,13.819791666687502,8742.562083333332
5/2/2010,19.16145833333334,7693.294375
6/13/2006,11.373958333104165,10271.835625
5/18/2007,17.728125000000002,8857.874166666668
1/13/2010,20.47708333333333,9771.570000000002
9/25/2007,16.732291666875,8757.718749999998
9/24/2008,15.11354166666667,8949.674583333333
11/19/2007,21.960416666666664,9440.477916666669
2/3/2006,21.796875000000004,9280.078055625001
9/7/2008,13.36354166670833,8622.404791666666
4/20/2007,19.246874999791668,8577.19729166667
7/22/2006,12.479166666875,9445.738958333335
10/17/2008,19.522916666666664,8677.590416666664
4/12/2008,17.854166666458333,7990.549791666668
7/8/2008,9.8145833333125,10067.816874999999
5/24/2007,14.340625000291665,9295.5
1/24/2009,22.34791666666666,9877.048958333335
3/26/2006,21.089583333750003,7455.703020208333
1/21/2006,24.412499999999998,8693.989652916667
4/10/2010,22.978125000000006,7796.320625
2/17/2007,23.609374999999996,8713.63625
4/12/2009,20.759375000000002,7206.741875000001
8/30/2008,15.959374999999994,9053.126666666665
5/1/2010,18.822916666666664,7984.952083333333
10/31/2009,20.705208333333335,8022.275833333332
12/16/2009,26.81458333333333,9929.134791666667
8/18/2006,13.931250000041667,9193.266041666668
2/23/2009,23.897916666666674,9254.596249999999
12/20/2008,18.869791666666664,7616.6533333333355
7/5/2007,12.811458333333333,9864.336875000003
6/6/2010,12.162499999979167,8645.739166666668
1/7/2010,23.120833333333334,8566.847499999998
11/14/2010,20.99374999999999,8270.540208333334
11/5/2008,21.683333333125002,8603.903333333334
5/30/2008,14.504166666874996,9390.116041666666
11/26/2008,20.430208333333336,8666.520416666664
6/14/2007,11.330208333333331,10563.162708333337
11/20/2008,21.170833333333338,8936.78125
12/26/2008,22.801041666666674,7644.014583333333
5/21/2008,14.475,9472.121458333333
4/16/2010,19.890624999999996,8519.311041666666
12/28/2010,21.442708333333332,7080.834999999999
1/29/2006,24.290625000208333,8231.1465625
2/2/2010,24.213541666666675,9140.978958333335
4/11/2006,24.16250000000001,8732.770902500002
1/6/2008,23.590624999999992,8528.746666666668
10/28/2008,16.82708333333333,8864.953333333337
12/25/2008,22.944791666666664,6972.687291666666
4/10/2009,20.636458333333326,7412.156250000001
1/25/2009,22.53749999999999,7997.4920833333335
1/25/2008,22.395833333541663,8861.413541666665
12/9/2006,21.838541666666668,8395.195416666667
7/25/2008,10.430208333354168,10514.150833333331
11/10/2010,23.176041666666666,8665.133541666668
10/8/2006,15.656249999999998,7568.746041666665
6/19/2009,13.752083333125006,9834.12645833333
2/8/2006,24.705208333541677,8665.073680625002
1/12/2008,24.576041666874996,8868.932083333335
6/11/2008,16.058333333333334,9356.182083333331
6/2/2009,16.452083333333338,9393.514791666666
9/20/2006,19.188541666666666,8753.0375
4/9/2007,18.585416666875,7434.661041666666
10/13/2008,17.478125000000002,8802.489791666665
4/27/2010,17.903125,8531.540416666667
11/7/2010,20.871875000000003,7451.998750000002
7/10/2010,15.717708333333333,9112.839791666667
8/15/2010,14.777083333333335,8272.383958333334
8/15/2008,13.228125000000004,10148.65916666667
9/5/2010,15.271875000000003,7675.544166666667
2/4/2008,22.54166666666667,9051.064375
8/21/2008,11.1041666666875,10142.020625000001
8/6/2006,13.068750000000001,8991.236041666667
7/8/2010,11.870833333312499,10151.825208333334
9/20/2007,15.120833333333332,9009.328333333333
8/17/2009,13.459375000020836,8767.697708333333
3/28/2007,21.13541666666666,8768.516666666666
2/4/2010,24.391666666666666,9524.447708333331
3/13/2007,20.061458333541665,8792.038333333334
1/19/2008,23.540625000000002,8059.005208333333
3/26/2007,19.297916666666666,8536.995416666667
3/31/2008,18.844791666875,8590.002083333333
7/17/2009,12.092708333291666,9808.72125
6/23/2006,13.182291666666666,10041.371666666664
10/27/2009,18.698958333333334,8742.09125
12/4/2008,22.016666666666676,8764.086041666667
10/4/2010,18.941666666666666,7504.525000000002
10/22/2010,20.000000000000004,8437.792916666667
9/11/2010,14.481249999999998,8185.110624999998
11/28/2007,22.36666666666666,9151.720416666667
9/13/2010,15.770833333333336,8571.313541666665
7/1/2007,14.052083333333334,9425.46645833333
10/17/2009,16.087500000000002,7947.776874999997
10/12/2010,19.311458333333338,8604.943333333335
11/26/2009,25.630208333333318,9619.006874999997
10/27/2010,18.271874999999998,8467.205416666668
12/26/2007,21.322916666666664,6975.718124999999
1/29/2010,23.56770833333333,9396.95083333333
5/17/2006,16.35625000020833,9015.016006458334
8/15/2006,14.426041666875001,9772.509166666669
6/15/2008,15.01354166666667,9098.784374999997
5/18/2009,16.58333333333334,9068.997291666668
5/22/2006,11.363541666875,9277.727465
10/15/2007,23.365624999791663,8711.454583333336
5/6/2010,15.876041666666667,8800.426875
5/12/2010,14.399999999999999,9010.343749999998
1/2/2010,19.854166666666668,8017.459791666668
10/1/2009,18.214583333333334,8679.496458333333
10/30/2010,21.087500000000006,7840.922500000001
3/25/2010,24.771875000000005,9096.817916666665
12/14/2010,23.052083333333332,8833.261249999998
1/27/2006,24.717708333333334,9484.763229374998
6/29/2009,16.322916666666668,9460.012708333334
2/6/2009,25.86562500020834,11054.347083333334
7/1/2009,14.0625,9210.023333333334
6/17/2008,16.0375,9545.341666666665
7/2/2008,12.746874999979168,9686.963958333332
10/15/2009,16.442708333333332,8499.051666666668
4/16/2007,19.890624999999996,8500.328541666668
5/11/2007,16.803125000208336,8701.715416666668
8/22/2006,15.606250000000001,9373.073750000001
9/25/2010,17.652083333333334,7787.859583333334
7/15/2010,11.254166666625002,9641.84375
5/26/2007,14.939583333333333,8591.744375
11/23/2009,19.511458333333334,8881.807083333335
3/10/2008,22.60208333354167,9097.53
7/11/2006,13.744791666625005,9839.466250000001
5/14/2010,15.431249999999999,9080.386458333336
6/23/2009,13.087499999999997,9618.403541666668
9/12/2008,22.670833333333334,9135.650000000001
2/13/2008,20.296874999999996,8738.043958333332
9/8/2006,13.276041666666671,9224.383125000002
7/16/2009,12.229166666645833,10025.091458333336
5/26/2010,16.241666666666667,9442.210624999998
2/3/2010,24.606250000000003,9389.424375000002
4/20/2006,17.896875,8591.018542083335
7/3/2007,17.167708333333337,9702.421875
4/4/2006,23.401041667291675,8689.560451458334
10/15/2006,16.17291666666667,7714.931041666668
7/5/2006,13.301041666666668,9935.160833333335
6/27/2008,12.384375000249998,9885.899791666669
1/15/2006,22.698958333333337,7662.240694583335
8/10/2007,19.744791666874995,9229.545833333332
12/2/2006,16.625,8273.061875000001
11/30/2008,23.852083333124995,7541.920625000002
8/28/2008,12.639583333354167,9936.733124999997
6/9/2008,15.434375000208334,8451.63125
12/8/2008,21.816666666666663,8762.02541666667
4/9/2006,18.170833333333338,7537.21684
7/8/2009,12.187499999979162,10244.683125
9/11/2007,16.42083333354167,9028.919791666665
9/27/2007,22.745833333541672,8750.330208333331
6/20/2008,14.044791666666669,9491.226875000002
9/6/2009,15.344791666666667,7836.742708333332
4/25/2009,17.844791666666662,7681.496666666667
5/25/2006,14.468750000000002,9392.587639166666
10/4/2008,15.80625,8035.484375
6/26/2006,11.60416666685417,10247.976458333333
4/18/2010,20.995833333333334,7650.881666666667
3/17/2010,21.849999999999998,8877.131875
10/10/2006,18.291666666875003,8616.013958333333
4/20/2010,20.22604166666667,8742.465624999999
9/29/2009,17.782291666875,8683.827708333336
8/18/2007,13.467708333333329,8948.242500000002
12/5/2009,22.041666666666675,8070.047708333334
10/3/2006,17.308333333333337,8406.274791666663
2/19/2009,23.127083333333335,9235.861041666665
1/19/2009,24.575,9099.654375
1/23/2007,23.01145833333334,9877.3775
7/10/2008,11.948958333354165,10552.161250000001
12/10/2008,18.61145833333333,8980.025208333333
1/8/2008,24.00729166666667,9097.635833333332
11/29/2010,19.090625,8343.064375000004
5/30/2006,13.010416666854164,10035.06
2/3/2007,23.72916666666667,8688.384166666669
1/31/2010,24.758333333333336,8440.618333333334
7/23/2007,12.3354166666875,10271.998958333332
1/1/2009,19.420833333333338,7852.88895833333
8/4/2008,10.954166666604165,10139.42979166667
6/25/2006,10.884375000250001,9274.431875
10/21/2006,14.527083333333332,8088.517500000002
11/12/2007,19.870833333541672,8720.582916666668
7/29/2009,12.949999999979163,9777.85895833333
11/16/2009,20.558333333333337,9726.014999999998
7/15/2007,8.626041666562498,9728.293541666668
5/21/2007,15.115625000000003,8743.661875
1/27/2008,23.63854166666667,8244.26125
11/6/2008,19.6125,9014.783125
8/22/2007,14.031250000416668,9944.371666666664
9/15/2007,16.429166666875002,8162.083333333333
11/10/2009,20.321875000000002,8970.845
7/30/2006,12.8750000000625,8611.919166666667
4/11/2008,18.618750000208333,8750.568333333335
10/27/2007,22.67604166708333,8017.292708333331
3/13/2009,22.773958333333336,8823.305625000003
1/6/2010,22.163541666666664,9021.721875000001
5/4/2006,17.110416666874993,8745.21388875
10/11/2009,18.050000000208335,7808.952083333333
1/8/2006,24.022916666666674,7552.765243333334
9/28/2010,14.328125,8337.619791666666
10/8/2007,17.278125000000003,8497.728124999998
8/29/2009,16.327083333333324,8120.694583333335
11/24/2009,21.720833333333342,8703.649583333334
10/5/2006,17.476041666666664,8650.355416666669
8/7/2010,11.304166666666665,9290.955416666666
6/11/2009,10.709374999958335,10481.377916666666
11/19/2009,27.732291666458337,9880.287916666663
9/19/2007,16.51041666666667,8854.086666666664
9/19/2009,19.32916666666667,7774.4575
8/12/2010,13.588541666666671,9790.642708333335
10/3/2009,14.80104166666667,8022.514791666666
8/3/2009,13.573958333333332,9521.414375000002
1/10/2009,21.43020833333334,7701.558333333333
12/8/2006,21.27083333333333,9143.140625
3/5/2010,23.539583333333336,8935.68375
10/25/2006,17.208333333333332,8649.712291666667
5/28/2008,14.342708333541664,9446.939374999998
2/27/2009,21.62291666666667,8796.045625
3/26/2008,18.90104166666667,8827.253750000002
6/27/2007,10.598958333333334,10730.745833333334
12/5/2010,22.971875,7736.925208333334
3/31/2010,20.279166666666665,8704.122083333334
9/19/2010,15.565624999999999,7917.89
10/26/2007,19.484375000208328,8730.953333333333
11/4/2007,16.004166666666666,7682.425416666664
10/14/2007,21.759375000208333,7601.8287500000015
2/25/2007,21.639583333333334,7980.696874999999
5/15/2009,18.133333333124998,8977.703958333335
12/27/2009,21.193749999999998,7222.985833333333
11/24/2006,22.526041666875003,8949.426666666668
11/6/2010,17.669791666666665,7765.041250000001
7/5/2008,12.975,9275.613541666668
4/12/2007,18.579166666875008,8499.559583333337
5/15/2008,18.04375,9170.393958333336
7/29/2008,10.6937499999375,10884.563541666668
8/5/2009,13.483333333291668,9744.202916666665
3/18/2009,22.138541666666672,8737.950416666668
6/18/2006,12.118749999958334,9260.271666666666
9/21/2007,13.64687500020833,8885.175000000001
3/7/2010,25.50312500000001,8139.110625000001
5/21/2009,18.235416666666666,9110.613958333333
8/18/2008,10.877083333395833,10449.853541666667
6/21/2009,16.164583333333336,8678.027916666664
9/10/2006,14.066666666666668,8836.6975
11/8/2007,17.601041666666664,8758.939375000002
3/23/2010,22.066666666666666,9131.297083333331
2/26/2006,22.06979166645834,7924.506805416667
12/18/2006,20.128125000208335,8829.249791666665
3/30/2010,20.062499999999996,8981.765624999998
12/9/2007,21.221875000000004,8451.502708333335
10/29/2008,19.4375,8774.889583333332
8/30/2006,16.528125,9242.835208333332
1/20/2008,20.216666666666665,8070.474791666665
7/19/2010,11.155208333291668,10016.458541666667
1/18/2010,20.401041666666664,8526.43895833333
7/9/2007,11.467708333312501,10370.984166666667
3/26/2010,24.003124999999997,9418.038749999998
8/29/2008,12.921874999979162,9768.332291666666
12/17/2009,19.92395833333333,10717.263125000001
5/30/2009,15.842708333333336,8819.131875000003
12/2/2010,21.662499999999998,8575.341041666668
3/19/2007,23.815625000208332,8932.664166666666
11/2/2008,22.191666666874998,7791.538541666666
4/8/2007,18.309375000208338,7236.587291666667
5/28/2007,18.685416666875003,9028.12270833333
6/6/2009,14.045833333333334,8698.216666666667
2/22/2010,24.73541666666667,10459.500208333333
8/8/2008,11.5010416666875,10361.131458333333
9/22/2009,19.297916666666666,8681.076875
1/10/2008,24.230208333541665,9607.410000000002
2/29/2008,17.478125000208337,8522.779583333333
3/30/2006,20.920833333333338,8777.301979791666
3/7/2008,20.134375000208337,9020.571041666666
6/22/2008,11.705208333583336,8838.980000000001
4/24/2006,15.288541666666667,8293.628298333331
12/10/2009,23.19270833333334,9221.450833333332
3/20/2009,22.278124999999992,9039.920208333331
11/15/2010,19.768749999999994,8762.529375
8/3/2007,11.173958333541668,9819.104583333334
1/29/2009,24.364583333333332,10347.794375
11/2/2009,27.756249999999998,9068.205625
6/4/2006,10.65,8926.769583333333
2/14/2010,24.175000000000008,8433.374166666666
4/22/2008,16.372916666666658,9000.014166666666
12/27/2007,22.49270833354166,7849.714374999999
11/4/2006,16.519791666666666,7919.980208333332
1/31/2008,20.599999999999998,10116.252083333335
7/22/2009,13.524999999999999,9082.680833333334
8/22/2008,10.857291666666667,10448.266875
2/21/2007,23.5,9708.472291666669
8/24/2009,17.157291666666662,8672.053541666666
7/5/2009,10.2822916666875,8878.363333333335
7/24/2009,12.235416666708334,9679.025833333335
6/20/2009,16.02291666666667,9197.255833333335
2/2/2007,23.14375,9212.874791666667
3/30/2009,20.631250000000005,8631.955416666666
12/22/2007,19.440625000208332,8174.852291666666
3/14/2006,22.502083333333335,9100.911423958332
11/25/2008,18.245833333333326,8626.687916666666
8/11/2009,13.930208333375004,9874.377916666663
2/7/2008,19.345833333333335,8914.247291666668
1/4/2010,22.789583333333336,8241.72020833333
2/27/2006,22.68437500041667,8589.416285000001
8/7/2007,14.978125000249998,9955.696458333332
8/10/2006,12.315625000187497,10021.786458333334
7/9/2006,12.451041666833332,9274.830416666666
6/4/2007,12.889583333520832,9486.839375000001
12/21/2010,21.840625000000003,8209.85479166667
10/4/2009,15.163541666666672,7782.733333333336
4/13/2006,21.02083333354167,8682.373992916664
7/29/2007,11.121875000166662,9261.959583333331
12/4/2009,20.702083333333338,8753.538541666665
1/21/2008,20.101041666874995,8697.7625
5/24/2006,15.184375000000003,9449.705972708334
12/16/2006,19.251041666874997,7938.126666666668
1/15/2009,21.304166666666667,10300.543749999999
6/29/2007,12.832291666666668,10111.514375
9/11/2006,14.261458333333344,9525.020416666666
5/26/2008,15.984375000000002,9296.434791666668
11/17/2010,20.46354166666666,8380.241041666668
1/26/2007,22.778124999791668,8470.143750000001
10/15/2010,13.923958333333331,8508.910416666666
4/7/2008,17.416666666666668,8702.182916666667
12/20/2009,22.277083333333337,7726.600416666671
1/14/2009,25.296875000000004,10289.615833333335
7/4/2008,13.287500000000007,10224.071041666668
5/21/2010,13.759375,9185.74958333333
11/12/2006,22.79166666645833,7901.439583333334
5/27/2006,13.163541666874996,8893.88
2/5/2006,24.743750000000006,7731.251701666665
10/1/2008,24.86874999999999,8807.441666666666
7/21/2007,11.6197916666875,9844.491874999998
7/13/2006,12.243750000020833,10189.554791666667
4/17/2009,18.132291666666667,8290.795833333335
3/23/2007,24.38749999958333,9736.94770833333
8/8/2010,12.18333333327083,8969.826458333331
10/25/2010,19.091666666666665,8453.487708333334
3/24/2006,20.305208333124998,8618.8090625
4/15/2008,16.665624999791667,8870.296874999998
7/14/2006,14.439583333333337,10067.394791666668
4/13/2008,15.780208333333333,7745.198333333333
11/20/2006,26.548958333749997,9156.443541666666
10/21/2008,11.484375000020833,8598.583125
3/28/2010,24.006249999999998,8329.6225
11/11/2010,22.65729166666667,8740.782499999998
9/21/2008,21.504166666875005,7852.701041666668
8/21/2007,14.436458333333334,9933.221666666668
9/10/2010,15.000000000000005,8883.115208333333
5/23/2008,14.493749999999999,9474.888749999998
8/30/2009,14.88750000002083,7816.363333333334
8/30/2010,15.880208333333329,9125.726666666666
3/1/2009,23.251041666666666,7999.845833333334
5/9/2009,15.780208333333334,8208.764791666666
1/2/2007,21.40625,8003.179791666668
9/2/2008,13.793749999791663,9486.821875000001
2/8/2009,20.881250000000005,9822.302291666667
9/24/2009,19.181249999999995,8470.484791666666
8/5/2006,13.180208333333333,9500.382500000002
1/11/2006,23.495833333333337,9746.58513854167
5/28/2006,12.298958333562503,8592.626875000002
11/27/2008,21.14270833333333,8952.781458333333
9/9/2008,11.786458333375,9616.927083333334
3/15/2008,22.88645833354167,8637.176458333333
1/29/2008,25.215625000000003,9999.818333333335
10/23/2006,18.021875000416667,8536.193541666666
8/26/2007,18.068749999999998,8238.628958333333
6/22/2010,13.96875,9831.175208333332
12/31/2007,22.748958333541665,8353.354791666667
2/16/2008,21.415625000208333,7934.350624999998
1/9/2006,25.386458333333334,8844.571909583336
7/27/2009,12.947916666666664,9810.778333333334
12/27/2008,23.950000000000003,7849.135833333335
4/23/2009,18.579166666666666,8557.859583333333
3/16/2009,20.419791666666672,8595.425416666665
3/27/2007,19.88645833354167,8698.934791666668
11/8/2009,20.759375,7740.431458333333
10/1/2010,16.703125000000004,8662.835833333334
7/11/2008,10.631249999958335,10365.451250000004
5/29/2007,16.01145833333333,9052.297291666668
7/20/2006,12.116666666708332,10433.20625
6/7/2008,14.541666666666666,8742.443750000002
10/23/2008,14.846875000000002,9183.532708333334
3/22/2006,20.909374999999994,8604.659826250001
11/16/2010,18.840625,8509.019583333333
4/15/2007,20.349999999999998,7532.9543749999975
3/26/2009,21.063541666666666,9207.214999999997
11/21/2009,29.904166666458334,9276.381041666666
1/14/2006,22.349999999999998,8635.826492083332
6/4/2009,15.2875,9327.878958333335
4/1/2009,22.144791666666663,8785.23125
1/20/2007,27.18958333395834,9262.317916666669
10/6/2007,17.396874999999998,8033.307291666667
4/27/2008,13.297916666666667,7759.402916666666
10/12/2008,21.923958333333335,7621.3477083333355
9/24/2006,16.336458333333336,7822.725208333331
8/17/2008,10.0052083333125,9165.219374999999
4/22/2009,17.362499999999994,8496.860625000001
4/30/2010,17.146874999999998,8761.483749999998
8/16/2009,18.646874999999998,8035.010625
1/6/2006,22.55520833333333,8292.417466041667
10/14/2008,16.364583333333332,8806.760208333335
5/15/2006,16.40520833333333,9034.299409583336
6/30/2006,13.171874999791667,10479.758958333334
1/23/2009,29.260416666875013,10688.089791666667
8/5/2007,13.398958333624996,9048.246874999999
11/24/2008,18.214583333333334,8527.295
1/28/2008,24.327083333333334,8485.162708333331
1/16/2010,22.842708333333334,8370.983124999997
12/29/2010,23.134375000000002,7796.013333333333
8/12/2006,13.709375000187498,9068.14104166667
9/3/2007,13.974999999999996,8852.232916666662
8/1/2006,10.945833333354166,10012.701041666667
11/25/2006,20.395833333333336,8721.177291666667
2/26/2009,20.444791666666667,8865.15854166667
6/10/2008,17.178124999791667,9393.692291666668
10/8/2009,12.659374999999999,8833.204166666666
8/22/2009,19.003125,8274.451875
5/13/2008,15.741666666666662,9167.9525
12/12/2008,24.721874999999997,8637.522708333336
8/4/2006,12.793750000000003,10517.965416666664
1/18/2009,21.37291666666667,7641.249999999999
7/8/2006,10.483333333395834,9494.664791666666
9/6/2008,13.78125,9584.921666666663
9/12/2007,16.70416666708333,8909.836666666668
12/19/2007,22.1875,8918.24375
9/26/2010,20.473958333541663,7471.310416666663
2/8/2008,17.634375000000002,8588.298333333334
12/23/2010,20.46770833333333,8468.85520833333
6/28/2008,13.155208333312501,9241.245416666667
4/26/2006,15.921874999999998,8540.706840624998
10/31/2008,18.897916666666664,9352.817708333336
10/13/2009,17.789583333124998,8512.157708333334
3/11/2008,22.657291666875,9345.076666666666
2/21/2006,23.21979166666667,9182.122153125
3/15/2006,24.25937499979166,8973.04166666667
6/9/2007,13.369791666875,8973.634791666667
4/29/2008,13.9604166669375,9466.258541666668
9/21/2006,22.277083333958334,8730.251666666667
5/28/2009,13.439583333333331,9136.488749999999
10/30/2007,20.521875000208333,8934.797083333331
9/2/2009,15.517708333333333,8924.155208333334
7/25/2007,14.953125000416668,10015.753541666667
2/6/2007,23.137499999999992,9758.417083333332
12/11/2007,19.71458333333333,8960.567916666667
5/10/2007,16.54062500020834,8848.639999999998
12/10/2007,19.178125000000005,9070.144791666666
1/22/2009,27.277083333333334,10217.804583333333
2/18/2007,23.501041666874997,8353.902499999998
2/6/2008,20.326041666875003,9174.412916666666
5/3/2006,18.47916666666666,8774.782049166666
9/3/2008,14.796875,9709.281249999998
2/15/2008,20.247916666875,8753.154166666669
10/18/2010,15.816666666666665,8391.385624999997
12/4/2006,19.481250000208338,8554.018541666666
11/21/2008,17.819791666666667,8881.228125000001
9/29/2007,19.61041666708333,7968.401458333333
1/16/2009,19.17916666666667,9256.848125
9/30/2010,14.834375000000001,8701.415208333332
3/2/2006,23.190624999999997,8844.469027500001
8/5/2010,11.541666666645833,9826.524375
10/14/2010,20.96145833333333,8652.094999999998
3/6/2007,21.49687499979167,8925.072708333335
8/2/2007,13.602083333333333,9348.908333333335
4/5/2008,17.944791666666664,7922.627083333334
5/19/2010,14.976041666666665,9274.565416666668
12/10/2006,22.265625,8205.644791666668
8/23/2010,14.646875000000001,9578.193749999999
5/7/2006,13.816666666666668,7860.871944166668
5/26/2006,13.547916666666666,9376.698854166667
11/2/2007,18.752083333333335,8891.01416666667
5/18/2010,14.71875,9398.05270833333
1/26/2008,23.176041666875005,8216.126041666668
2/28/2008,17.484375,8843.447708333333
6/8/2009,12.662500000000003,8520.535208333335
4/11/2010,18.557291666666668,7509.697499999998
1/24/2008,21.855208333333334,8877.808749999998
7/31/2008,15.22916666666667,10357.332499999997
8/15/2009,17.194791666458336,8486.589583333332
10/9/2009,13.536458333416663,8849.542499999998
4/25/2010,16.465625000000003,7441.853333333335
1/21/2010,27.136458333333326,9957.951250000002
7/26/2010,13.121874999999998,9805.773958333337
11/17/2009,20.95208333333333,8893.522500000001
10/15/2008,16.896874999999998,8681.594166666668
6/28/2009,14.386458333333332,8742.352916666669
1/24/2006,20.404166666666672,9087.451111458335
6/23/2010,14.163541666666669,9753.529166666669
1/30/2007,22.238541666666674,10104.51854166667
3/11/2009,22.211458333333336,8828.445208333333
4/28/2006,18.36458333354167,8612.791111041668
8/4/2007,13.031250000020835,9502.29125
2/13/2006,22.233333333333334,9159.654548541668
1/28/2010,23.989583333124994,9474.537083333335
10/10/2007,20.715624999791668,8615.53125
7/24/2010,12.904166666666669,9183.064375000002
5/14/2007,18.016666666666662,8669.030416666666
3/3/2009,23.00833333333333,9278.395625000003
6/1/2009,15.508333333333335,9404.072708333333
5/5/2009,17.081249999999994,8918.258541666668
10/6/2009,13.561458333333336,8576.051666666666
7/17/2008,12.98854166658333,10094.404583333333
12/25/2010,23.195833333124998,7174.215624999998
3/7/2006,22.60104166687499,9063.780207916669
1/24/2010,23.355208333333326,8065.268541666665
2/22/2009,23.27291666666666,7878.1725000000015
11/9/2006,17.76458333375,8678.491041666663
1/21/2009,28.12291666666667,10343.612916666667
6/15/2007,14.172916666874997,10426.896875000004
2/10/2008,20.895833333333336,7587.044166666666
1/14/2007,22.161458333333332,7889.187708333334
2/23/2007,23.189583333333328,9678.303541666668
6/16/2010,15.025,9761.385625
8/10/2010,14.076041666666663,9962.573541666665
4/27/2007,17.017708333333335,8720.756041666667
1/11/2007,23.172916666875008,9783.929374999998
11/12/2008,21.746875000000003,9069.973333333337
5/23/2009,19.28854166666667,8254.545
9/6/2006,13.471874999958331,9060.721666666666
4/29/2010,16.332291666666666,8628.678541666666
2/22/2008,22.578125,9393.893749999997
5/31/2006,14.475000000000003,9836.418541666666
9/1/2006,20.82500000020833,8919.401875000001
9/28/2007,17.202083333124996,8682.637083333333
3/13/2008,22.51875000020834,9493.761666666667
2/9/2010,24.902083333333334,9818.613333333333
4/24/2009,19.548958333333335,8512.199166666665
7/7/2008,13.021875000020827,9747.145208333333
6/24/2009,12.5947916666875,9880.500208333333
10/2/2006,17.46666666666667,7605.642708333332
6/18/2009,13.981250000208334,10083.042291666665
6/25/2009,13.08333333335417,10014.562499999998
11/13/2010,24.552083333333332,8405.016666666668
2/17/2006,26.35000000041667,9552.04371520833
7/16/2006,13.369791666666666,8833.071041666666
7/13/2010,15.658333333333331,9505.063750000003
3/17/2006,22.565625000208332,8649.852569375002
2/18/2009,23.26875,8901.291041666665
6/26/2007,10.789583333354168,10461.306874999998
6/17/2010,13.192708333333334,9799.28229166667
10/22/2009,20.272916666666664,8662.167291666667
1/28/2006,24.34895833333333,8544.133229166666
7/16/2010,11.872916666666667,9877.376666666667
3/15/2010,21.511458333333334,8695.831875000002
2/26/2008,21.88749999958333,9189.117291666667
9/4/2010,18.01666666666667,8278.573333333334
9/17/2010,15.117708333333338,8798.457083333335
10/10/2009,14.913541666666665,8175.891041666666
1/14/2010,22.243750000000002,8810.465208333333
3/16/2007,23.061458333125003,9469.113125000002
5/14/2009,16.465625,9115.327083333332
8/24/2006,15.714583333124997,9369.481666666668
8/11/2007,17.510416666875,8371.312083333332
5/23/2006,15.513541666875,9902.46510416667
4/28/2009,13.327083333333329,8805.976041666667
6/21/2007,9.705208333354168,10580.930000000002
11/20/2010,19.601041666666664,7633.480625
10/9/2007,17.441666666874994,8683.769791666666
9/16/2009,23.465624999791668,8550.606875
12/29/2009,22.382291666666664,8086.074791666669
10/13/2010,22.21979166666667,8573.431250000001
3/5/2008,22.389583333541662,8928.007916666667
7/23/2006,13.032291666666666,9024.823333333332
3/7/2007,23.148958333541668,8877.252708333333
1/29/2007,25.054166666875005,9090.127708333335
8/24/2007,14.798958333541668,9642.877708333332
2/16/2007,24.035416666666674,9406.86770833333
5/17/2010,13.693750000000001,9198.308749999998
8/6/2009,15.398958333333333,9542.439791666664
8/9/2009,12.470833333333331,8963.954583333334
8/8/2006,12.885416666687496,10079.905208333335
8/31/2008,15.116666666666662,8599.947500000004
1/20/2009,25.350000000000005,10050.994583333331
7/3/2010,12.307291666708332,9664.171041666666
8/12/2007,13.198958333333332,8058.533333333334
11/23/2008,18.617708333333333,7788.922500000001
3/29/2006,22.046874999791665,8771.003507291665
12/12/2006,19.91458333333333,8723.680625
11/29/2006,18.66458333333333,9141.631041666666
11/19/2008,22.230208333333334,8756.702500000001
12/31/2009,25.162499999999998,8184.118125
6/1/2007,14.856249999999998,9511.434791666668
7/30/2008,12.238541666645835,10517.253749999998
12/23/2008,19.31979166666667,8521.14208333333
4/25/2008,18.067708333541667,7949.021875000002
6/25/2007,13.078125,10107.2425
1/14/2008,22.18645833333333,8932.834583333333
7/19/2009,13.966666666645835,8709.457083333335
11/26/2006,20.117708333333336,7941.747083333331
5/11/2008,15.987499999999999,8077.515416666666
7/29/2006,14.131249999791665,8892.209791666666
1/31/2009,24.359375000000004,9626.848541666666
8/20/2010,12.599999999999994,8925.075208333335
10/3/2010,17.975,7497.719791666667
9/8/2008,12.196875000020833,9467.619166666667
3/12/2008,22.734375000208342,9314.213541666668
10/16/2008,18.663541666458332,8689.366250000001
11/11/2008,20.74166666666667,8906.398125000002
9/4/2009,17.16458333333333,8676.589374999998
4/7/2010,22.369791666666675,8545.722708333333
11/25/2007,21.927083333333332,8028.253333333331
11/30/2009,17.28020833333333,8665.206875
7/3/2006,13.058333333333335,9955.929166666665
10/24/2010,16.268750000000004,7715.245833333335
4/16/2009,18.715625,8377.453541666668
8/22/2010,13.072916666666664,8520.126041666666
1/18/2008,22.152083333333337,8749.707708333333
3/14/2009,22.345833333333335,8058.340833333331
2/15/2009,20.748958333333338,7680.533541666668
3/21/2008,20.124999999999996,7598.567916666666
10/26/2008,25.478124999999995,7748.348958333333
7/19/2006,10.147916666458334,10262.156250000002
10/31/2006,20.431250000208333,8789.153958333332
4/21/2007,19.071874999791664,7854.952291666665
8/26/2006,14.548958333562501,8689.962083333337
2/28/2009,23.032291666666676,8221.497708333334
1/26/2006,24.48229166666667,8193.16739625
2/14/2006,23.574999999999992,8816.203125416667
10/4/2006,19.835416666458332,8457.106875000001
8/10/2009,13.269791666666665,9836.201458333331
11/2/2006,19.254166666666674,8933.481249999999
3/14/2010,21.551041666666674,7590.299374999999
11/5/2010,15.373958333333334,8366.381875000003
6/16/2007,14.152083333333332,9592.939166666669
10/23/2007,18.161458333333332,8891.890625000002
1/9/2009,20.427083333333332,8289.112916666667
10/14/2006,18.441666666666666,8812.805208333333
9/9/2006,13.78125,9008.880000000001
2/15/2006,23.293750000000003,8974.295416458333
3/9/2009,22.312499999999996,8732.106875
10/7/2007,18.156249999999996,7647.712291666667
11/9/2007,18.979166666875006,8743.559375000003
10/24/2006,20.092708332916665,8695.802916666666
7/15/2006,13.544791666895827,9525.892708333335
3/19/2010,24.293750000000006,9081.075
11/7/2008,20.94479166666667,8769.771041666667
8/4/2010,11.49062499995833,9664.97125
12/11/2008,18.404166666666665,8766.644791666668
10/23/2010,14.977083333333328,7773.144583333334
7/25/2010,12.362499999979164,8883.368958333334
5/12/2008,15.914583333333333,8932.810625000002
9/1/2008,14.205208333354165,9183.5925
11/17/2007,21.673958333333335,8430.13541666667
10/21/2010,19.48125,8475.382916666667
2/1/2008,22.785416666666663,9050.278125000003
9/5/2006,15.498958333541665,8899.284375
11/25/2009,23.22083333333333,9342.855208333332
6/19/2008,15.151041666666664,9494.614583333334
2/7/2009,24.466666666666665,10335.12375
3/15/2009,20.546875000000004,7876.481666666664
2/27/2008,18.37291666666667,8970.548541666665
2/6/2010,22.737500000000008,8251.320625000002
3/19/2006,21.276041666666668,7922.901805208331
6/8/2006,12.996875000000001,9879.79520833333
12/26/2009,20.56979166666667,6893.185208333333
1/26/2009,21.632291666666664,8300.575625000003
2/24/2010,22.17291666666667,8881.446250000003
4/5/2009,18.786458333333336,7585.56270833333
4/6/2008,17.622916666874996,7690.648750000001
3/5/2007,21.368749999791664,9246.623958333337
5/24/2008,12.60312500004167,8803.648541666667
11/3/2009,19.20520833333333,9660.276249999999
9/8/2010,13.707291666645835,9044.199583333333
9/18/2009,16.89375,8491.707708333333
1/16/2008,21.543750000000003,9618.699375
2/11/2006,24.834374999999998,7859.403402916666
11/11/2007,19.745833333541672,7654.025208333335
2/27/2010,23.16354166666667,8552.212291666665
2/18/2008,21.71041666666667,8843.202916666667
8/17/2006,16.581249999791673,9389.371249999997
5/3/2009,17.019791666666666,7908.788958333337
2/23/2010,22.089583333333337,9559.932499999999
1/23/2006,21.555208333333336,10124.172846666668
12/17/2006,20.05520833354166,7607.390833333332
7/12/2010,15.269791666666665,9574.207708333333
9/14/2010,16.168750000000003,8961.432083333335
11/27/2010,20.60729166666666,8177.396874999999
5/27/2009,14.984374999999998,9093.588958333334
2/5/2010,21.704166666666662,9615.264375
10/26/2006,21.195833333750006,8625.811666666668
12/18/2007,21.028125,8808.333749999996
5/8/2006,14.093750000041666,9017.488854375
5/18/2008,14.317708333333336,8608.916874999999
7/12/2008,13.212499999999997,9741.141458333334
6/12/2006,11.772916666958338,9370.355000000001
12/5/2008,24.689583333125,9178.793958333335
1/12/2006,23.608333333333334,9164.433055625002
11/3/2010,15.845833333333333,8330.639374999997
8/7/2009,11.560416666625,9409.055624999999
4/15/2010,19.187499999999996,8593.080208333335
10/23/2009,19.278125,8748.407291666668
10/5/2008,17.626041666875,7559.083333333331
8/6/2010,11.041666666708332,9923.18
5/18/2006,16.55208333354167,9095.265000000001
7/24/2007,14.393750000187497,10385.148958333333
9/28/2009,15.987499999999995,8633.537916666666
7/27/2007,13.716666666666669,9803.63729166667
2/25/2009,21.46666666666667,9184.572083333334
7/1/2010,9.973958333354167,10490.905625000003
11/8/2008,19.887499999999992,8019.399583333336
5/4/2007,19.203125000208335,8711.826250000004
8/17/2007,13.491666666770831,9432.915416666665
6/24/2010,15.594791666666666,9590.026875
12/27/2010,18.56979166666666,7103.662916666669
8/10/2008,10.313541666645834,9828.359583333333
1/6/2009,25.266666666666666,9818.21041666667
4/21/2010,20.78333333333333,8679.489375
1/30/2009,24.584374999999998,10287.68125
9/4/2006,15.822916666666664,8638.577708333334
12/22/2010,22.238541666666663,8395.702500000003
3/5/2006,24.655208333333324,7583.755243750001
11/13/2006,17.884375,8769.828125000002
8/18/2010,19.135416666666668,9525.764166666666
8/31/2006,18.16458333333333,9112.079375000003
3/9/2006,24.110416666666676,9345.511388333334
1/5/2010,23.609375,8827.813125
2/1/2007,22.537499999999998,9036.880416666665
5/6/2009,16.863541666666666,8880.144374999998
5/13/2007,18.682291666875,7745.191874999998
6/24/2007,14.018749999999999,9556.387916666667
4/19/2007,20.01770833333333,8623.375416666668
1/10/2007,23.011458333541665,8918.423958333335
10/3/2008,18.862499999999994,9359.077499999998
6/5/2006,12.066666666875006,10235.58416666667
9/17/2006,18.858333333749997,7769.718124999999
4/14/2010,19.39791666666666,8556.735416666666
5/8/2008,15.663541666874998,9201.897916666665
6/17/2009,12.183333333333332,10060.231666666665
6/12/2007,10.630208333354163,9896.501874999998
12/16/2008,21.277083333333337,8777.719166666664
7/28/2006,14.470833333375,9695.878749999998
5/1/2007,19.62604166666667,8673.153958333336
8/29/2010,14.481250000000003,8459.927708333333
11/21/2006,27.911458332708335,9812.782708333334
3/23/2009,23.16979166666667,8909.547083333333
7/20/2007,11.502083333333331,10857.638750000002
2/12/2006,23.38020833354167,8216.696284791667
12/5/2006,21.15208333354167,8873.414166666666
11/28/2010,18.405208333333334,7566.835208333333
5/15/2007,18.90312500020833,8824.267291666665
3/20/2008,18.808333333333334,9355.88
5/10/2006,15.529166666875007,9098.985138958333
6/22/2009,14.132291666666667,9369.048333333334
8/13/2010,14.387499999979164,9528.689166666667
9/16/2008,13.69375,9018.235208333332
6/5/2010,12.729166666687497,8717.218750000002
8/9/2006,12.85000000002083,10139.872291666667
6/25/2008,14.569791666666667,9869.803541666664
7/28/2007,11.661458333562502,9166.14
3/28/2006,21.959374999791667,8834.719270208334
12/28/2006,21.402083333333334,7953.568958333331
10/20/2010,17.877083333333335,8419.343958333331
5/9/2007,17.80625000000001,8740.328124999998
4/3/2006,21.740625000208336,8427.823125833334
5/13/2009,15.552083333333337,9108.413333333334
9/9/2010,15.718749999583336,9165.266874999998
9/8/2009,15.228124999999997,8952.257916666667
1/11/2008,23.965625000208345,9622.5525
7/10/2007,11.986458333333333,10375.687500000002
12/21/2008,20.459374999999998,7427.165833333333
6/16/2009,12.382291666666667,10235.408125
8/21/2009,16.33020833333333,8984.253124999997
5/20/2010,14.715624999999994,9257.60208333333
11/5/2006,17.968750000000004,7673.231875000002
4/12/2006,20.454166666458335,8833.094097083334
2/25/2006,24.408333333333335,8427.013264375002
11/21/2007,19.983333333333327,9298.590416666668
2/19/2006,23.183333333333326,8617.593298958334
2/4/2009,25.130208333333325,10282.101249999996
6/12/2008,15.244791666666663,9251.875625
12/14/2007,21.775000000416668,8871.35625
3/12/2007,20.036458333333332,8857.789999999999
10/7/2006,18.95937500020834,7917.957500000001
8/14/2009,14.747916666666661,9248.515416666667
5/6/2006,17.3625,8075.324514375
4/7/2006,17.761458333333334,8512.275382083337
9/2/2007,17.003125000208332,7883.296249999999
2/12/2008,20.41354166666667,8953.287500000002
5/26/2009,15.546875000000002,8980.291875
1/30/2010,24.746875000000003,8389.761666666667
8/24/2010,13.749999999999998,9271.033750000002
12/26/2006,19.28333333354166,6732.539375000001
4/5/2006,18.84374999979167,8799.137049166666
9/29/2010,13.348958333395835,8525.8175
5/30/2007,12.260416666666666,9105.716666666665
2/3/2008,21.06458333333333,8118.865208333334
12/29/2007,22.71562500020833,8085.717708333333
5/24/2009,16.937499999999996,7893.592291666668
7/12/2006,10.940625000166667,9844.581250000001
7/30/2009,13.9208333333125,9820.854583333334
6/30/2007,11.578125000083334,9528.432291666668
7/1/2008,14.762500000000003,9773.459791666666
8/14/2006,13.272916666479167,9531.853958333335
2/1/2006,25.937499999791665,10228.899027916668
3/10/2009,21.67395833333333,8847.45895833333
6/18/2010,13.297916666687497,9677.888958333333
1/18/2006,21.169791666666672,8585.0247225
6/3/2007,13.898958333333328,8495.811875000001
4/18/2009,18.069791666666664,7705.599583333335
6/15/2010,13.732291666687496,9978.499583333332
2/9/2007,23.719791666875,9329.314374999996
7/26/2008,10.170833333145834,9762.369374999998
12/17/2007,20.223958333333336,8738.292499999998
1/8/2010,26.858333333333338,8926.81104166667
2/13/2009,18.52604166666667,8487.291875
5/7/2007,20.176041666666666,8588.568125
6/23/2008,12.96249999979167,9903.871666666668
1/5/2006,22.277083333333334,8081.88475645833
2/9/2009,18.460416666666667,9375.576875
9/15/2008,15.332291666666663,8798.994583333333
5/2/2009,15.604166666666666,8170.567708333335
9/18/2010,14.990625000000001,8086.231250000001
9/6/2007,13.631249999999996,9486.525624999997
8/14/2010,15.870833333124999,8725.110208333334
2/18/2006,25.73854166666668,8951.747604375001
4/19/2008,16.914583333333333,8163.686666666666
11/3/2007,21.209375000208336,7995.152708333335
7/14/2007,9.469791666708334,9814.185000000003
4/2/2008,19.329166666458338,8772.175416666667
8/14/2007,12.642708333145835,9962.747291666665
1/22/2008,20.943750000208333,8679.351458333333
9/6/2010,13.294791666666667,8783.694583333334
7/4/2009,12.78125,9174.720000000001
6/22/2007,9.832291666854164,10566.164583333333
6/17/2007,13.012499999999998,9063.584583333331
4/8/2010,19.945833333333336,8613.156041666667
12/5/2007,22.65208333333334,8975.477083333333
3/6/2010,24.27604166666666,8567.207083333336
2/23/2008,21.565625000416663,8175.281041666669
10/13/2006,26.69791666645834,9286.624375000001
10/30/2009,20.375,8793.953541666664
8/11/2008,10.994791666687503,10672.368333333334
3/8/2008,20.970833333541673,8042.06416666667
12/30/2006,20.9625,7546.703750000001
7/6/2007,12.151041666729165,9911.462916666664
11/21/2010,20.536458333333332,7410.207708333332
3/8/2007,21.289583333333333,9213.577291666663
6/14/2008,13.48854166666667,9366.264791666665
5/31/2010,14.769791666666668,9231.987291666666
2/7/2007,23.136458333333334,9439.789791666664
9/27/2008,22.09270833375,8120.662916666669
12/6/2009,24.52083333333334,8031.600624999999
10/29/2007,20.634375000208326,9060.932291666664
8/26/2009,16.186458333333334,8946.711041666666
12/30/2007,22.902083333541672,7966.731666666667
9/10/2009,14.995833333374998,8944.897916666669
4/23/2006,16.13958333333333,7701.481979374999
11/7/2007,16.882291666666664,8753.212499999998
6/20/2007,10.80208333329167,10494.093333333332
3/10/2007,21.953125000208335,7984.327083333331
6/20/2010,13.053125,8794.953750000002
6/6/2008,14.39270833354167,9401.507708333333
10/28/2010,18.009374999999995,8417.940000000002
11/13/2007,21.822916666875,8922.770833333334
8/28/2009,19.51250000020833,8808.105833333333
11/22/2010,21.41875,8512.581041666668
3/6/2008,21.674999999999997,9261.071041666668
6/21/2008,12.890625000020833,8841.992708333333
11/1/2006,22.014583333541662,8783.033125
7/7/2007,10.0145833335625,9411.373541666662
10/18/2007,20.316666667083332,8644.031875000002
10/6/2006,19.408333333541666,8492.526875000001
4/21/2006,14.519791666666668,8449.814757083333
4/30/2008,15.134375000208337,9419.126041666665
10/5/2007,20.563541666458327,8655.80208333333
12/22/2009,24.654166666666654,9596.164166666666
7/20/2009,15.521874999979168,9519.070625
10/24/2009,17.619791666666664,7894.448750000002
6/26/2009,12.390624999979167,9823.107291666665
3/12/2010,20.01875,8461.108541666668
12/20/2006,21.743749999999995,8785.142708333335
9/26/2008,19.447916666666668,8861.000208333331
7/25/2009,11.573958333333332,9074.32895833333
9/14/2009,17.708333333333332,8469.666250000002
3/6/2006,23.62604166666667,9127.366771250001
11/2/2010,17.057291666666664,8353.293958333332
4/30/2007,18.486458333125004,8500.235000000002
7/26/2006,14.107291666875001,9931.179999999998
12/18/2009,21.861458333125,8957.88125
7/31/2009,13.417708333333332,9600.25416666667
9/19/2006,23.01979166625,8820.545833333334
6/8/2007,14.339583333541674,9984.589791666665
9/24/2007,17.004166666875,8737.128749999998
5/3/2010,20.02187500000001,8648.205416666666
7/11/2007,11.202083333312501,10355.585625
10/20/2009,22.402083333541665,8711.540625
7/27/2010,13.768749999999995,9902.207499999999
3/17/2008,22.854166666875,9262.442916666667
9/20/2009,18.04895833333333,7512.126250000001
10/20/2008,16.53229166666667,8681.77979166667
12/15/2009,23.712500000000002,9174.861875
5/14/2008,16.522916666666667,9179.150625
4/14/2009,22.36458333333334,8360.243124999997
3/18/2008,22.853125000208337,9432.215208333331
9/15/2009,17.636458333333334,8636.20375
8/16/2006,18.271875,9591.178750000001
2/13/2007,22.245833333333334,8993.747500000001
12/8/2007,23.222916666666674,8383.075625000003
10/26/2009,16.97604166666667,8656.488958333333
4/1/2007,20.508333333541664,7517.546666666666
1/19/2010,23.01041666666667,8527.109166666667
9/12/2009,23.948958333125002,7951.889999999999
8/12/2008,11.767708333354165,10669.400416666665
12/1/2009,18.129166666666666,8472.341458333332
4/10/2007,19.679166667083333,8248.171666666665
5/1/2009,15.812500000000002,8892.008333333337
3/29/2010,20.545833333333334,9166.020416666666
3/1/2006,23.43124999979166,8773.265972083336
4/30/2006,17.22395833354167,7720.899409791667
7/29/2010,15.803125,9749.525833333335
12/7/2009,22.477083333333336,9983.009583333334
3/9/2010,20.192708333333336,8987.626875
9/3/2006,16.255208333333332,7690.1812500000015
8/23/2008,10.9229166666875,9828.971041666664
12/19/2010,17.784375,7324.749583333334
5/11/2010,14.109375000000005,8746.960208333334
4/3/2010,17.902083333333337,7483.871041666669
12/23/2006,19.831250000000008,8128.824791666669
1/18/2007,23.20208333333333,9803.687291666665
9/10/2007,17.36770833354167,9037.422916666668
1/3/2008,23.134374999999995,8745.518541666663
10/30/2008,24.991666667291653,8952.321874999998
5/7/2008,15.710416666666669,9065.013125000001
7/12/2007,10.8062499998125,10515.215416666666
11/11/2009,21.627083333333335,9056.426041666668
9/22/2006,22.738541666458335,8742.890833333333
4/14/2007,20.229166667083337,7801.896249999999
7/18/2008,12.7093749999375,10032.353749999998
4/16/2006,17.28750000020833,7257.230346249999
12/11/2006,17.35729166666667,9685.448333333332
9/13/2007,19.895833333541667,8924.698124999999
12/29/2006,21.348958333333332,7923.782708333335
2/21/2010,28.456249999999997,8813.953541666666
12/20/2010,21.167708333333334,7931.029374999997
3/20/2006,20.491666666666667,8562.167534583334
6/25/2010,15.048958333354165,9409.869166666665
5/23/2007,14.490625,9205.818333333329
2/11/2009,19.022916666666667,8624.183750000002
11/29/2009,18.874999999999996,8193.226666666667
10/6/2008,14.358333333333333,7650.973333333335
2/5/2008,22.562500000000004,9142.634374999996
2/14/2009,19.979166666666664,7913.915624999999
6/3/2009,15.0875,9269.673125000001
6/13/2007,10.456249999979166,10277.066458333336
12/2/2009,19.563541666666662,8532.840833333335
11/24/2010,22.00833333333333,8821.346458333333
12/13/2008,21.727083333333326,8209.904791666666
9/13/2009,18.73125,7547.202708333331
5/4/2009,17.00729166666666,8766.791458333331
8/1/2007,18.788541666666664,9542.219375
11/13/2009,20.355208333333334,8793.284583333336
