date,season,season_norm
2007-12-06,511.3477662580731,0.6419403463612564
2007-12-07,419.38408718831454,0.6202334749246913
2007-12-08,-1058.5073013902818,0.2713957740672923
2007-12-09,-648.5484224300727,0.3681614186117802
2007-12-10,130.89229375239185,0.5521386103655269
2007-12-11,-57.76928716443862,0.5076074136647692
2007-12-12,-174.61357006547018,0.48002778817907704
2007-12-13,-134.87658335464894,0.48940720481979233
2007-12-14,-232.21795953891453,0.4664309955199514
2007-12-15,-894.576147087661,0.31008966416487616
2007-12-16,-994.9756828439382,0.2863916147066853
2007-12-17,-427.06493233674,0.42043981475044323
2007-12-18,-467.1528273472881,0.4109775706127722
2007-12-19,5.751823649922527,0.5226007740859985
2007-12-20,50.53256217036876,0.533170704994922
2007-12-21,145.5988141768635,0.5556098998067754
2007-12-22,-1195.2465377681112,0.23912019468191198
2007-12-23,-1557.0991702800204,0.15370942542636146
2007-12-24,-1318.6709515440375,0.2099874119456408
2007-12-25,-2208.3069830325944,0.0
2007-12-26,-2052.396358681575,0.036800744735484225
2007-12-27,-1037.142862188896,0.27643858161642276
2007-12-28,-767.958411628347,0.3399761903783337
2007-12-29,-851.0510608107589,0.32036321413193924
2007-12-30,-1014.1068673947608,0.2818759388695007
2007-12-31,-658.9668846738089,0.36570227144869266
2008-01-01,-1078.9233145454436,0.2665768305747189
2008-01-02,-309.95076872031194,0.44808314218946727
2008-01-03,-470.4464969075038,0.41020014127956883
2008-01-04,-563.5243628311518,0.388230280029652
2008-01-05,-989.390260122418,0.2877099835905893
2008-01-06,-216.94401652088615,0.4700362179379265
2008-01-07,512.4691523249053,0.6422050354584055
2008-01-08,483.790032886016,0.6354356895071452
2008-01-09,198.8105833798808,0.5681698696197046
2008-01-10,254.38208538680848,0.5812868247241887
2008-01-11,94.95297821173352,0.5436555863080895
2008-01-12,-611.141712989642,0.3769908025696844
2008-01-13,-416.4567722490197,0.42294373770711374
2008-01-14,-3.308385735641705,0.520462225451253
2008-01-15,652.4392710080933,0.6752432240340499
2008-01-16,977.822638600924,0.7520458813372287
2008-01-17,178.17575972483547,0.5632992786567604
2008-01-18,-400.8992914745465,0.426615885651436
2008-01-19,-1130.639645345321,0.25436984021505454
2008-01-20,-634.8817691873088,0.3713872604648857
2008-01-21,130.95845402688786,0.5521542266673889
2008-01-22,49.09729652878213,0.5328319285662887
2008-01-23,-84.11255260052062,0.5013894167139668
2008-01-24,392.80046059308313,0.6139587437410615
2008-01-25,361.3288777841468,0.6065302718829424
2008-01-26,-1009.23214677951,0.28302655544720584
2008-01-27,-882.9809899780671,0.31282655537247783
2008-01-28,-319.584440851481,0.4458092348759649
2008-01-29,1156.716883049939,0.7942716209365612
2008-01-30,1486.6871606396537,0.872156960735706
2008-01-31,1490.9662660705726,0.8731669898297139
2008-02-01,374.0866700403424,0.6095415885149095
2008-02-02,-492.5121105651498,0.40499183030636265
2008-02-03,-275.088160676398,0.4563120229650892
2008-02-04,403.4161065854586,0.6164644336515074
2008-02-05,489.54272683101794,0.6367935406625274
2008-02-06,707.6377964848563,0.6882721427129468
2008-02-07,769.14179297529,0.7027893886317415
2008-02-08,282.2250974483166,0.5878588180300179
2008-02-09,-711.453293482489,0.35331351384676163
2008-02-10,-1157.1101401625751,0.24812181236674996
2008-02-11,-447.6428965815884,0.4155826447371565
2008-02-12,-327.8924110079,0.44384824286359215
2008-02-13,-550.7827878596562,0.39123776877524485
2008-02-14,-246.45256450805957,0.4630710957949617
2008-02-15,-440.8015530242995,0.41719745796074226
2008-02-16,-1410.7457402717282,0.18825431446979052
2008-02-17,-1163.2711261923523,0.24666758899265678
2008-02-18,-188.77808870400617,0.476684431452186
2008-02-19,48.10886883194088,0.5325986226224997
2008-02-20,288.644937918592,0.5893741407437365
2008-02-21,420.2148957586617,0.6204295768532717
2008-02-22,128.78541742903252,0.5516413086704826
2008-02-23,-1270.379449044712,0.22138601459871943
2008-02-24,-1022.0141453170952,0.28000952522653294
2008-02-25,7.285337213025775,0.5229627407025718
2008-02-26,266.81233506043696,0.5842208290432762
2008-02-27,-16.851832981819577,0.5172654648262492
2008-02-28,-88.65456941546269,0.5003173306897671
2008-02-29,-492.3126240785186,0.405038916586103
2008-03-01,-1199.5712747296434,0.23809939483820708
2008-03-02,-1027.9765649843232,0.2786021709484468
2008-03-03,-87.54750572099151,0.5005786391708007
2008-03-04,33.83436481924351,0.5292293052293872
2008-03-05,-155.53775404005572,0.484530394971234
2008-03-06,166.7994819152443,0.5606140511589336
2008-03-07,-150.37536416541158,0.48574891226466815
2008-03-08,-1249.3713904962856,0.22634470297064302
2008-03-09,-985.0428354393982,0.28873613858600744
2008-03-10,126.90854646644806,0.5511982968521217
2008-03-11,350.7431211983642,0.60403163699153
2008-03-12,370.56459113434494,0.6087102460243168
2008-03-13,592.3225698814784,0.661053431762299
2008-03-14,312.14720495982374,0.5949215557046458
2008-03-15,-586.7789681266028,0.38274132251335347
2008-03-16,-726.7001271295749,0.34971469025532026
2008-03-17,172.67571094673025,0.5620010612199547
2008-03-18,323.5013252876415,0.5976015532071846
2008-03-19,223.5523719563203,0.5740098580713634
2008-03-20,433.2669993113119,0.623510361970396
2008-03-21,-1312.9498483208529,0.21133780650789818
2008-03-22,-1473.7765845779747,0.17337667530035272
2008-03-23,-1374.9822758004657,0.19669583109087946
2008-03-24,-870.861952752898,0.31568710190174565
2008-03-25,-52.982133794501685,0.5087373610940095
2008-03-26,-101.78140029858277,0.4972189071248152
2008-03-27,-300.45622218341657,0.45032421065377415
2008-03-28,-604.9504125578953,0.378452181277632
2008-03-29,-1398.1800812129782,0.1912202804735766
2008-03-30,-1268.8170371456677,0.22175480230454608
2008-03-31,-328.2295283155036,0.4437686705571206
2008-04-01,-157.8879899120569,0.48397565131118064
2008-04-02,64.4535102339655,0.5364565699466969
2008-04-03,-3.9709930939161775,0.5203058253062776
2008-04-04,-340.3461388374425,0.4409086968206724
2008-04-05,-1066.185928398503,0.2695833306008847
2008-04-06,-1127.026805742168,0.2552226056283117
2008-04-07,-257.21690131532847,0.46053030928512634
2008-04-08,-231.30492591816864,0.46664650563898175
2008-04-09,-254.99450542005343,0.4610548779242658
2008-04-10,-424.1957463532569,0.4211170500666143
2008-04-11,-401.6319905142932,0.42644294124535786
2008-04-12,-1274.6383846914202,0.2203807463289542
2008-04-13,-1423.7606352263665,0.18518231197490947
2008-04-14,-352.4724931318869,0.43804642318910014
2008-04-15,-186.6228025202411,0.47719315968678067
2008-04-16,-258.3122058048209,0.46027177641673955
2008-04-17,-90.1924851174622,0.4999543250035956
2008-04-18,-282.68853547587537,0.4545180499497554
2008-04-19,-1093.5353104948165,0.26312785244864756
2008-04-20,-1040.4798771339508,0.27565092114951983
2008-04-21,-222.63397088540583,0.46869317567254626
2008-04-22,-70.51886023746755,0.5045980370677607
2008-04-23,-74.64173850276768,0.5036248834340791
2008-04-24,21.394261038473022,0.5262929749720703
2008-04-25,-1002.1819470951272,0.2846906665364862
2008-04-26,-1069.2942620114682,0.2688496474903231
2008-04-27,-1019.6324605880546,0.280571691994312
2008-04-28,103.94774435481946,0.5457786878873753
2008-04-29,501.28993274318407,0.6395663210803358
2008-04-30,459.6972497643777,0.6297488906419787
2008-05-01,484.3468863392036,0.6355671277710296
2008-05-02,32.46978584529188,0.5289072135008676
2008-05-03,-695.3140193487566,0.3571229868065664
2008-05-04,-576.4813222941724,0.38517195247993286
2008-05-05,212.75586506953945,0.5714614782182958
2008-05-06,292.89637437327906,0.5903776389234103
2008-05-07,113.89943899327268,0.5481276604195529
2008-05-08,319.09170776816575,0.5965607183738252
2008-05-09,82.14101269595673,0.5406314827585814
2008-05-10,-714.4829045040439,0.3525984122151946
2008-05-11,-680.9474880200623,0.3605140260918129
2008-05-12,76.18836297092017,0.5392264345526451
2008-05-13,214.5912558242288,0.5718946991545493
2008-05-14,234.906721935122,0.5766899097801327
2008-05-15,284.6748244388633,0.588437045319056
2008-05-16,-17.17473077973444,0.5171892488564513
2008-05-17,-621.7661809644677,0.37448303034107977
2008-05-18,-307.20845997417416,0.44873042972726385
2008-05-19,336.80812967671625,0.6007424572578594
2008-05-20,425.7884271625952,0.6217451389410071
2008-05-21,462.47459797856976,0.6304044488061351
2008-05-22,570.7980950394366,0.6559728498101419
2008-05-23,271.5915906597121,0.5853489123029428
2008-05-24,-524.1741058732405,0.39751841396928334
2008-05-25,-367.8868644676474,0.4344080544304186
2008-05-26,231.6482599062692,0.5759207907425223
2008-05-27,350.95032243462947,0.604080544241029
2008-05-28,457.9425809455817,0.6293347231048746
2008-05-29,590.8195814757289,0.6606986702257417
2008-05-30,434.2438910004154,0.6237409449844437
2008-05-31,-339.21715068487987,0.4411751802946806
2008-06-01,-153.86614366548906,0.48492495760574134
2008-06-02,452.1971019289392,0.6279785749427166
2008-06-03,572.778953237315,0.6564404065093774
2008-06-04,535.1777024544106,0.6475651035109032
2008-06-05,639.0741997798608,0.6720885668277878
2008-06-06,361.4605500195167,0.6065613514603784
2008-06-07,-438.22193368476127,0.417806344707391
2008-06-08,-636.3958590919788,0.3710298785589363
2008-06-09,-262.553375243113,0.4592707016373382
2008-06-10,654.6332121614914,0.6757610762887436
2008-06-11,695.1865622739268,0.6853331852573823
2008-06-12,672.7710602440609,0.6800422875282987
2008-06-13,621.0672867089675,0.6678382611532749
2008-06-14,461.3618089513724,0.6301417889322183
2008-06-15,306.4579525185573,0.5935786791194337
2008-06-16,867.5222770124223,0.7260108662896892
2008-06-17,745.7533691412303,0.6972688449300837
2008-06-18,688.6942622511139,0.6838007593763351
2008-06-19,747.2492486254105,0.6976219284949884
2008-06-20,580.9289392417506,0.6583641083468593
2008-06-21,-300.8993423329815,0.4502196177077888
2008-06-22,-77.74026613092391,0.5028935149030744
2008-06-23,906.0803686929488,0.7351120195647077
2008-06-24,1113.9462324072556,0.7841761460257031
2008-06-25,1067.7139122368471,0.7732635874992881
2008-06-26,1142.6519455352752,0.7909517690832819
2008-06-27,869.9416703699693,0.7265819337056298
2008-06-28,-10.752567653890882,0.5187051198038456
2008-06-29,-134.63078149812387,0.4894652232609033
2008-06-30,551.1691551876045,0.6513396850856578
2008-07-01,541.3332493969468,0.6490180430567648
2008-07-02,499.8606409436592,0.6392289547020933
2008-07-03,962.3840669431167,0.7484018003964693
2008-07-04,1112.8300810095266,0.7839126925064515
2008-07-05,73.94439778459457,0.5386967747532503
2008-07-06,253.8759703381171,0.581167362623442
2008-07-07,970.0207679675192,0.7502043477609613
2008-07-08,1190.856141800021,0.8023297641962012
2008-07-09,1567.9220575688855,0.8913314378949753
2008-07-10,1619.6800268499817,0.9035482564951773
2008-07-11,1363.3637058861657,0.8430480081086975
2008-07-12,575.8068028932985,0.6571550923927231
2008-07-13,401.7699942106297,0.6160758894995988
2008-07-14,914.3191668056488,0.7370566843849193
2008-07-15,962.7988435283168,0.7484997032000642
2008-07-16,1049.5833968847885,0.7689841070586756
2008-07-17,1234.2360301222138,0.8125690420096531
2008-07-18,1019.0136352398922,0.7617684987600031
2008-07-19,183.9162210744608,0.5646542424616379
2008-07-20,331.0903957609364,0.5993928579782984
2008-07-21,881.8006436140803,0.7293810953984141
2008-07-22,1152.9232984786884,0.7933761929436315
2008-07-23,1547.063485698823,0.8864080339760176
2008-07-24,1647.0245208537658,0.9100025808745644
2008-07-25,1391.9528484559962,0.8497961161500711
2008-07-26,673.0289528738898,0.6801031598445952
2008-07-27,759.0097947763223,0.7003978577086074
2008-07-28,1876.486372652304,0.9641641690903728
2008-07-29,1792.7076271210385,0.944389248417784
2008-07-30,1570.5455636122538,0.8919506835468728
2008-07-31,1494.1308295188428,0.8739139452866868
2008-08-01,1135.4900498923012,0.7892612935658093
2008-08-02,236.67693564025623,0.5771077464924226
2008-08-03,221.1686805641129,0.5734472176559463
2008-08-04,1188.4635880837498,0.8017650319404942
2008-08-05,1406.8286090364704,0.8533073526045907
2008-08-06,1322.287143873822,0.8333524015423085
2008-08-07,1389.324517733924,0.8491757316933606
2008-08-08,1243.791314244391,0.8148244468181387
2008-08-09,555.3072947533663,0.6523164409576407
2008-08-10,902.022292547728,0.7341541616575955
2008-08-11,1679.3775207815286,0.9176391001735197
2008-08-12,1510.886663789433,0.8778689495231766
2008-08-13,1341.4443001509858,0.8378742076793069
2008-08-14,1475.6889837428275,0.8695609792096199
2008-08-15,1002.9279793519868,0.7579716817137132
2008-08-16,63.43403325944383,0.5362159352108715
2008-08-17,54.10983900583423,0.5340150762635133
2008-08-18,1343.459219622497,0.8383498041143945
2008-08-19,1489.078682592931,0.8727214494567166
2008-08-20,1222.30682039752,0.8097533018777545
2008-08-21,1105.8241413567978,0.7822590284417639
2008-08-22,1143.4121212683078,0.7911311990177197
2008-08-23,299.82255415062593,0.5920124766712496
2008-08-24,200.4438885834979,0.568555390799699
2008-08-25,808.3156302425416,0.7120358809191165
2008-08-26,694.9006448862978,0.6852656980489809
2008-08-27,740.9315767821113,0.6961307214024918
2008-08-28,848.3860574944734,0.7214940020117506
2008-08-29,538.1295742968024,0.6482618557855856
2008-08-30,-269.9343196842521,0.45752852240217834
2008-08-31,-288.2143131777897,0.4532137595236242
2008-09-01,195.0249816770647,0.5672763258826088
2008-09-02,498.3280678729441,0.6388672100769363
2008-09-03,720.8566897069365,0.6913922964367634
2008-09-04,759.056315622916,0.7004088383701723
2008-09-05,910.9778265347484,0.7362680029791739
2008-09-06,596.6806507895942,0.6620821020258153
2008-09-07,-365.7822732874173,0.43490481674612724
2008-09-08,479.4827914102596,0.634419019253125
2008-09-09,628.8383203174461,0.6696725160371026
2008-09-10,664.5138489055331,0.6780932764973893
2008-09-11,571.5147172872903,0.6561419994914084
2008-09-12,147.68714650147763,0.5561028244238173
2008-09-13,-795.7830060752736,0.3334085443191124
2008-09-14,-1149.9050955521473,0.24982247265606528
2008-09-15,-188.86369677684328,0.47666422474177805
2008-09-16,30.408060413270626,0.5284205691066558
2008-09-17,326.52887713592656,0.5983161687967632
2008-09-18,151.28387830782296,0.5569517877939422
2008-09-19,-79.75137104725192,0.5024188188458292
2008-09-20,-682.4333659516678,0.3601633032677801
2008-09-21,-1134.9911072176533,0.2533427322918039
2008-09-22,-117.54672372261128,0.49349770053344266
2008-09-23,53.82786890532815,0.5339485207626617
2008-09-24,-37.94736737876119,0.5122861288789271
2008-09-25,-62.848695673714886,0.5064084830804348
2008-09-26,-126.57650583993691,0.49136633387321693
2008-09-27,-866.8909306810258,0.3166244117881901
2008-09-28,-1137.7566607026838,0.2526899581253314
2008-09-29,-333.9942030560693,0.44240799148541715
2008-09-30,-136.94884692756506,0.488918073029775
2008-10-01,-180.0117218802448,0.4787536222407016
2008-10-02,76.50436027579947,0.539301021747728
2008-10-03,371.68431184977584,0.6089745420361833
2008-10-04,-951.8750626791356,0.2965649747790233
2008-10-05,-1428.2394749943676,0.18412513809917508
2008-10-06,-1336.3096451576755,0.20582401984940063
2008-10-07,-381.00816527685646,0.43131093616995897
2008-10-08,-326.54034024432565,0.4441673821861478
2008-10-09,-298.56504260453164,0.45077059984130513
2008-10-10,-374.15823278634105,0.432927776703361
2008-10-11,-1081.3981541437247,0.26599267577002417
2008-10-12,-1365.6116197882664,0.19890765675282146
2008-10-13,-184.39878277905285,0.47771811161435346
2008-10-14,-180.05210242607396,0.47874409092001374
2008-10-15,-305.1361443129336,0.44921957381207595
2008-10-16,-297.2761415690359,0.45107482874292115
2008-10-17,-308.9579438816329,0.44831748602336163
2008-10-18,-1014.4517601082064,0.28179453127613446
2008-10-19,-1106.9636378603573,0.2599582644256325
2008-10-20,-304.4477419411032,0.44938206254603164
2008-10-21,-387.5238445338051,0.42977299191432305
2008-10-22,-51.30046929243083,0.5091342968790403
2008-10-23,197.6886396753276,0.567905048899175
2008-10-24,-273.6879540701757,0.456642524148745
2008-10-25,-1055.7047988273105,0.2720572695995548
2008-10-26,-1237.0429283337398,0.22925468162612878
2008-10-27,185.64659691150325,0.5650626759455042
2008-10-28,-120.09605824570949,0.4928959621373557
2008-10-29,-209.97575336249773,0.47168098893931887
2008-10-30,-32.35071140851186,0.5136071492301109
2008-10-31,368.34667484352144,0.6081867347395469
2008-11-01,-942.9674277196096,0.2986675101367444
2008-11-02,-1192.502489560388,0.23976789279776922
2008-11-03,-112.68798705818904,0.49464454430030347
2008-11-04,-449.3846439381401,0.41517152714892946
2008-11-05,-379.4238251591028,0.43168489975640684
2008-11-06,31.712672513316438,0.5287285064077375
2008-11-07,-213.0331751653937,0.47095932292210274
2008-11-08,-963.1287329709183,0.2939086872458993
2008-11-09,-1254.8409494563102,0.22505368227246164
2008-11-10,-159.78449135348697,0.4835280059648352
2008-11-11,-75.24319190481907,0.5034829179124136
2008-11-12,88.64785174488307,0.5421673403941414
2008-11-13,322.9197731599361,0.5974642851313805
2008-11-14,633.8126591888736,0.6708466462530337
2008-11-15,-735.3552739990372,0.34767175154016194
2008-11-16,-1178.8072985718634,0.24300047062734487
2008-11-17,-339.88316467169903,0.44101797605782234
2008-11-18,-224.32637478679464,0.46829370498718664
2008-11-19,-222.1208642471233,0.4688142880502057
2008-11-20,-41.64246271709533,0.5114139480324624
2008-11-21,-96.7853265538759,0.49839816758460703
2008-11-22,-1062.1669206230613,0.2705319669099855
2008-11-23,-1188.2384555878311,0.24077436446331918
2008-11-24,-449.4236839669605,0.4151623122404454
2008-11-25,-349.5778638455026,0.43872966407736863
2008-11-26,-309.2819427696751,0.4482410101550681
2008-11-27,-22.54714423821208,0.5159211581338218
2008-11-28,-168.19033194807395,0.4815439128647261
2008-11-29,-1057.7415015948816,0.27157653149101707
2008-11-30,-1431.9267108446536,0.1832548123861537
2008-12-01,-135.23683653845896,0.48932217158031477
2008-12-02,26.143473857604924,0.5274139670108031
2008-12-03,237.53099601119345,0.5773093367165038
2008-12-04,-207.65544578657085,0.4722286684009651
2008-12-05,-54.32955025422923,0.5084193203614216
2008-12-06,-189.43295550775292,0.47652985836789014
2008-12-07,-192.52509813439613,0.4757999969363009
2008-12-08,82.56287457211363,0.5407310579561199
2008-12-09,165.17876171544435,0.5602315005110303
2008-12-10,137.6281271335991,0.5537285192371922
2008-12-11,-86.22212243673773,0.5008914792490412
2008-12-12,-330.27664773976403,0.4432854737275983
2008-12-13,-461.2254003394332,0.4123766653130998
2008-12-14,-607.6766489492634,0.3778086874173198
2008-12-15,-354.1082473432131,0.43766032395159415
2008-12-16,230.97538236232924,0.5757619664492079
2008-12-17,549.5193168882984,0.6509502614760717
2008-12-18,87.40211929011863,0.5418733008938358
2008-12-19,-307.50067600624743,0.44866145580294853
2008-12-20,-654.274332758287,0.36680988939275483
2008-12-21,-708.6738269554697,0.35396957201205614
2008-12-22,-423.2399786372381,0.4213426470321196
2008-12-23,-271.7707687161506,0.4570950516728811
2008-12-24,-902.8485163068444,0.3081370753066117
2008-12-25,-1846.015004416952,0.08551447138541707
2008-12-26,-1456.931408280445,0.17735276760022017
2008-12-27,-1176.6013404900605,0.24352115932706325
2008-12-28,-1022.9644913025768,0.27978520799242734
2008-12-29,-897.2577330481994,0.30945670947797904
2008-12-30,-709.0256672481621,0.35388652452986613
2008-12-31,-870.4505415595335,0.3157842103468651
2009-01-01,-762.7567928281543,0.3412039671669521
2009-01-02,-779.0460580373544,0.33735909069757986
2009-01-03,-1124.5611432029543,0.2558045943034719
2009-01-04,-897.4606273459283,0.30940881882722904
2009-01-05,-13.235193852425851,0.5181191270699559
2009-01-06,445.9820385583171,0.6265115872914955
2009-01-07,271.723849435397,0.5853801303258536
2009-01-08,58.57971595433825,0.535070134578273
2009-01-09,124.31877293958344,0.550587013337085
2009-01-10,-113.83151475518852,0.4943746289494388
2009-01-11,-201.9465906086009,0.47357617196597757
2009-01-12,606.4513253599301,0.6643883470444157
2009-01-13,466.81158474713294,0.6314281400629396
2009-01-14,509.4262127759776,0.6414867877953503
2009-01-15,712.7774386203541,0.6894852906882531
2009-01-16,-63.21573142731766,0.5063218489005425
2009-01-17,-768.9710740217964,0.33973716413878347
2009-01-18,-848.2757549780802,0.3210182902175905
2009-01-19,-358.28868450295886,0.4366735842637832
2009-01-20,316.1368076249455,0.5958632513067659
2009-01-21,735.8621349876541,0.6949341433360144
2009-01-22,972.1122682263032,0.7506980201290767
2009-01-23,790.2210491540561,0.7077648823101078
2009-01-24,9.522764627413396,0.523490857343011
2009-01-25,-419.2291752159315,0.42228934680646857
2009-01-26,-312.2068920573824,0.44755061261128815
2009-01-27,268.55776419647214,0.5846328156693095
2009-01-28,938.7342197911508,0.7428195510039376
2009-01-29,1085.0760743456913,0.7773617078068892
2009-01-30,671.621758886687,0.6797710093774163
2009-01-31,112.76904922605176,0.547860846112008
2009-02-01,118.81531711349407,0.5492879917093931
2009-02-02,278.74305664287965,0.5870369260302083
2009-02-03,614.9716858123662,0.6663994711186705
2009-02-04,722.4489512817811,0.6917681297836689
2009-02-05,969.7049678202438,0.7501298071024547
2009-02-06,478.9748454098437,0.6342991249792196
2009-02-07,81.8538232613393,0.5405636952994646
2009-02-08,145.1880946245106,0.5555129546148302
2009-02-09,-1.1860442652968413,0.5209631775000104
2009-02-10,272.54463453140045,0.5855738663392038
2009-02-11,321.8292807820632,0.5972068881015044
2009-02-12,261.2640763271738,0.5829112322520432
2009-02-13,-278.6159816447964,0.45547932513278355
2009-02-14,-562.4290693491438,0.3884888102998604
2009-02-15,-493.3535429642244,0.40479322075644
2009-02-16,-486.0873578047412,0.4065083125044717
2009-02-17,-78.69166880567158,0.5026689482507389
2009-02-18,-1.6800162364270117,0.5208465816202126
2009-02-19,163.8413257566445,0.5599158155503374
2009-02-20,57.647812591945474,0.5348501704937194
2009-02-21,-125.7937763274964,0.4915510873440221
2009-02-22,-93.33183996005296,0.49921331972138866
2009-02-23,-78.81187654437919,0.502640574723753
2009-02-24,95.8595598674518,0.5438695735218078
2009-02-25,166.91866619255433,0.5606421831107106
2009-02-26,-22.0794359800326,0.5160315547940338
2009-02-27,-201.5692551078816,0.4736652372718181
2009-02-28,-609.896886598878,0.3772846282049622
2009-03-01,-802.4089858698077,0.3318445650068871
2009-03-02,-535.576744231691,0.3948269643949706
2009-03-03,-57.55154184446309,0.5076588097128008
2009-03-04,4.991053872289698,0.5224212039347937
2009-03-05,-121.8987239042432,0.4924704655490426
2009-03-06,-150.82661196061756,0.48564240089000754
2009-03-07,-562.3035007710018,0.3885184491856658
2009-03-08,-601.2945776626053,0.37931509518960344
2009-03-09,-402.1166024445949,0.4263285546856411
2009-03-10,-70.13106805260668,0.5046895705425634
2009-03-11,-41.3972682959341,0.5114718230960847
2009-03-12,-29.69386901606345,0.5142342635085245
2009-03-13,-231.6673293254,0.4665609648662711
2009-03-14,-578.6471385375723,0.38466073875701245
2009-03-15,-532.7236969319372,0.3955003903775394
2009-03-16,-387.6424008433188,0.42974500818645744
2009-03-17,3.72103681026721,0.5221214323579448
2009-03-18,99.36715257933872,0.5446974967282185
2009-03-19,162.35477477868218,0.5595649338621652
2009-03-20,29.90193786782496,0.5283011052363945
2009-03-21,-916.8370556822496,0.3048352562745902
2009-03-22,-811.8663903386189,0.3296122634612697
2009-03-23,-469.9060639142383,0.4103277037001196
2009-03-24,-273.7766864245756,0.4566215799909133
2009-03-25,97.8371783608372,0.5443363655294865
2009-03-26,212.58219051939972,0.5714204845219821
2009-03-27,-334.2191278622831,0.4423549008098291
2009-03-28,-714.9913948986947,0.3524783894438672
2009-03-29,-736.167703060962,0.34747998786370926
2009-03-30,-545.1328446471641,0.3925713669107047
2009-03-31,-254.87284244827592,0.461083594940741
2009-04-01,-256.4682645405804,0.46070701559338323
2009-04-02,-605.9305743781483,0.3782208263901974
2009-04-03,-589.331851916475,0.3821387463574212
2009-04-04,-1043.1014626577094,0.27503212881215566
2009-04-05,-1284.7401334304816,0.21799635541091628
2009-04-06,-774.9353693034107,0.338329367145478
2009-04-07,-322.93499118061135,0.44501837955164714
2009-04-08,-304.43887872309455,0.44938415459732595
2009-04-09,-407.06315665887263,0.42516098268907193
2009-04-10,-929.0958446123072,0.3019417231105799
2009-04-11,-1011.7471799545436,0.2824329134535255
2009-04-12,-1107.1242842278498,0.25992034586820656
2009-04-13,-1023.2147393398708,0.2797261400861872
2009-04-14,-407.92858655390336,0.42495670883162284
2009-04-15,-317.0871770701941,0.4463986826274241
2009-04-16,-382.44764945232765,0.43097116400938434
2009-04-17,-585.5923866181386,0.3830214001756847
2009-04-18,-874.5988431322668,0.314805055860765
2009-04-19,-829.9270068519843,0.32534928176364375
2009-04-20,-619.1961484194165,0.37508965424529417
2009-04-21,-279.5661828213689,0.4552550420790022
2009-04-22,-200.781767156342,0.47385111391240947
2009-04-23,-222.59094024983625,0.46870333251363383
2009-04-24,-524.0832652027879,0.3975398557686401
2009-04-25,-1253.099685262424,0.22546468581620976
2009-04-26,-1249.122464981035,0.22640345871216494
2009-04-27,-631.9826588611946,0.3720715590463033
2009-04-28,-137.83188835840457,0.4887096421904884
2009-04-29,82.9652198484352,0.5408260265053837
2009-04-30,130.79168737958005,0.5521148634947795
2009-05-01,-201.08929854272407,0.4737785249910611
2009-05-02,-643.1219322107211,0.36944227347464287
2009-05-03,-604.957791033955,0.3784504396810273
2009-05-04,-357.2317113511148,0.43692306950133636
2009-05-05,-40.42155143122231,0.5117021288075899
2009-05-06,44.52168090057686,0.5317519119641989
2009-05-07,-23.14676568971561,0.5157796250210749
2009-05-08,-218.45799469296,0.4696788624050531
2009-05-09,-603.1681196044084,0.37887286914478757
2009-05-10,-610.9342811902308,0.3770397642407182
2009-05-11,-352.3369229263504,0.4380784228334378
2009-05-12,108.2870725930429,0.5468029318186856
2009-05-13,188.5123353184515,0.5657390975045337
2009-05-14,177.75526101449884,0.5632000252173934
2009-05-15,-76.36156535240097,0.5032189399062018
2009-05-16,-444.3701306852149,0.4163551400230472
2009-05-17,-312.38770667878464,0.44750793359082774
2009-05-18,77.41126970453709,0.5395150863281509
2009-05-19,294.5427244867789,0.5907662391905464
2009-05-20,314.22574461849354,0.5954121688858813
2009-05-21,307.70506273815835,0.593873043823825
2009-05-22,141.97401304330236,0.554754311024495
2009-05-23,-159.9878218572436,0.4834800123531309
2009-05-24,-271.3585496532503,0.45719235080545817
2009-05-25,-10.962501001415417,0.5186555676737975
2009-05-26,290.2570951856188,0.5897546702189038
2009-05-27,293.0173046662707,0.5904061830002602
2009-05-28,295.8486548561601,0.591074487652548
2009-05-29,198.13479614091872,0.5680103585294242
2009-05-30,-86.81742313472927,0.5007509659958949
2009-05-31,-118.67521483425494,0.49323133437970085
2009-06-01,182.21191010062316,0.5642519612613723
2009-06-02,413.0417911388962,0.6187364555976054
2009-06-03,434.65218620611614,0.62383731793981
2009-06-04,449.10418815052367,0.6272485314904367
2009-06-05,193.5595405622437,0.5669304269125041
2009-06-06,-36.46698075835823,0.5126355555479181
2009-06-07,-28.07699595329278,0.5146159060880497
2009-06-08,-45.010056162951706,0.5106190698944926
2009-06-09,403.8489055323354,0.6165665904072263
2009-06-10,885.6614993336835,0.7302924019010278
2009-06-11,990.119565104133,0.7549484163963966
2009-06-12,701.9627778976022,0.6869326258502058
2009-06-13,398.4417667445592,0.6152903032067447
2009-06-14,356.1032098917118,0.6052968186081422
2009-06-15,721.83701326453,0.6916236895002659
2009-06-16,916.2364942535362,0.737509245448527
2009-06-17,847.2973399908426,0.721237023918648
2009-06-18,780.1260644573055,0.7053820879593051
2009-06-19,516.9094178318578,0.6432531043642886
2009-06-20,205.96579777562533,0.5698587681126811
2009-06-21,151.96988474791553,0.5571137109983025
2009-06-22,390.6201338533229,0.6134441049977183
2009-06-23,802.59112376877,0.7106846830623008
2009-06-24,872.3916586943731,0.7271602226792426
2009-06-25,808.2813071953169,0.7120277793948957
2009-06-26,576.0503734944084,0.6572125841740165
2009-06-27,467.23056919573673,0.6315270360798427
2009-06-28,437.4263875625943,0.6244921333277257
2009-06-29,683.0793720269254,0.6824754350585202
2009-06-30,1000.1097540841758,0.7573064750344409
2009-07-01,866.9245694575043,0.7258697849281941
2009-07-02,982.093409986373,0.753053943284474
2009-07-03,799.5016026914572,0.7099554404145059
2009-07-04,591.4961454800189,0.6608583646617221
2009-07-05,476.57704602728575,0.633733154549868
2009-07-06,776.652055066716,0.7045620916741006
2009-07-07,1147.6428320491805,0.7921298051623915
2009-07-08,1195.2203192466284,0.8033598734710596
2009-07-09,1211.0577261410622,0.8070980944602968
2009-07-10,861.0143128480826,0.7244747430847668
2009-07-11,443.8967642837607,0.6260193844887625
2009-07-12,451.92743062232825,0.6279149224176985
2009-07-13,473.688058630587,0.6330512453588011
2009-07-14,663.370120362519,0.6778233137393453
2009-07-15,831.7463001734211,0.7175663962813432
2009-07-16,981.5475471223648,0.7529250992111303
2009-07-17,731.4238795151606,0.6938865488735205
2009-07-18,371.456667438726,0.6089208094320303
2009-07-19,426.4041738569268,0.6218904782148003
2009-07-20,690.6997489778913,0.684274129330498
2009-07-21,979.0704185746852,0.7523404041286778
2009-07-22,1024.4283368020835,0.7630465710584015
2009-07-23,1097.2193924773846,0.7802279855391886
2009-07-24,869.8646075362619,0.7265637439915955
2009-07-25,526.5310791773038,0.6455241766826693
2009-07-26,643.9285129594346,0.6732343664866065
2009-07-27,827.2165383691482,0.7164972028984966
2009-07-28,1325.3640373633395,0.8340786636065991
2009-07-29,1172.0443428196245,0.7978894753116272
2009-07-30,925.3817544971752,0.7396678692701341
2009-07-31,538.4038475642014,0.6483265945456498
2009-08-01,210.72148690337136,0.5709812888027238
2009-08-02,383.4428232686285,0.6117499909768549
2009-08-03,570.1842682914693,0.6558279637155746
2009-08-04,893.3702358655266,0.7321119523423292
2009-08-05,1038.220467423379,0.7663020302707898
2009-08-06,1002.1934228049188,0.7577982988663611
2009-08-07,748.926110845352,0.6980177307616364
2009-08-08,487.0951342711497,0.6362158171790437
2009-08-09,500.2079707322629,0.6393109375364424
2009-08-10,906.5209234099044,0.7352160069725459
2009-08-11,1078.5380161880023,0.7758184812927988
2009-08-12,1007.3028108281164,0.7590043057384323
2009-08-13,816.5208191784649,0.7139726127152608
2009-08-14,521.3472205531554,0.6443005919605491
2009-08-15,-1.770310780037279,0.5208252687272379
2009-08-16,-119.1316976290391,0.4931235873491382
2009-08-17,211.0070517437133,0.5710486927967658
2009-08-18,812.5149817794766,0.7130270851081099
2009-08-19,596.0543600285995,0.6619342739575134
2009-08-20,490.979279139212,0.6371326207926538
2009-08-21,279.40424015721084,0.5871929900947036
2009-08-22,107.33258295656128,0.5465776365278032
2009-08-23,101.63883310097684,0.5452336983844261
2009-08-24,108.95891426294048,0.5469615116069424
2009-08-25,398.0848779987479,0.6152060641006014
2009-08-26,462.0258499082128,0.63029852746013
2009-08-27,405.26189439212646,0.6169001086812996
2009-08-28,209.99362649806423,0.5708094864955349
2009-08-29,-193.3949635279005,0.4755946761351442
2009-08-30,-311.71526706793315,0.4476666545155369
2009-08-31,-143.13483724127042,0.4874579477084992
2009-09-01,156.642950894923,0.5582167295714363
2009-09-02,127.69413839715124,0.5513837259608076
2009-09-03,193.5922096619053,0.5669381380431752
2009-09-04,-119.67095624129414,0.49299630212647544
2009-09-05,-803.2922244977436,0.3316360876217025
2009-09-06,-959.325964017573,0.2948062830968723
2009-09-07,92.52493294597946,0.5430824767178793
2009-09-08,156.37028415840402,0.5581523700128094
2009-09-09,216.60990528294704,0.5723711760062707
2009-09-10,149.17928355157375,0.5564550246341591
2009-09-11,-6.368750095237287,0.5197398648804847
2009-09-12,-843.672642905259,0.3221047970100932
2009-09-13,-1248.2871475812606,0.2266006248933034
2009-09-14,-325.75452196775507,0.44435286472093294
2009-09-15,-159.1518141464732,0.48367734147351005
2009-09-16,-244.68752563671103,0.4634877110527293
2009-09-17,-96.696801440708,0.4984190628257487
2009-09-18,-303.4770640335282,0.4496111788749908
2009-09-19,-1020.6791159259852,0.28032464214714764
2009-09-20,-1282.966930501767,0.21841489769188954
2009-09-21,-346.81532106589333,0.43938172760463906
2009-09-22,-113.944510477535,0.4943479577283364
2009-09-23,-335.91679385203605,0.44195418807459974
2009-09-24,-324.4863213215243,0.4446522075556472
2009-09-25,-305.3349350494586,0.44917265175540994
2009-09-26,-886.3884583286331,0.31202226526405585
2009-09-27,-884.5883707747877,0.3124471533231367
2009-09-28,-161.4034566240628,0.48314586954593447
2009-09-29,-111.12230585472444,0.49501410368437804
2009-09-30,-174.1189346615491,0.4801445406538529
2009-10-01,-115.49193034605746,0.49398270870302363
2009-10-02,-340.67526066461835,0.44083101174693745
2009-10-03,-772.5416483575916,0.33889437491106006
2009-10-04,-1012.368814609688,0.28228618440053166
2009-10-05,-1072.8771597102902,0.2680039494875311
2009-10-06,-219.16624102456703,0.46951168975362023
2009-10-07,-0.9614538644939872,0.5210161892434012
2009-10-08,37.83680919639637,0.5301740319563482
2009-10-09,54.08734214177638,0.5340097661612994
2009-10-10,-619.6608718183509,0.37497996212361884
2009-10-11,-986.7057634878948,0.28834362530552426
2009-10-12,-216.0431826631496,0.47024884845612014
2009-10-13,-283.7404445682956,0.4542697600198278
2009-10-14,-316.3923588978752,0.4465626857305065
2009-10-15,-297.1262003264825,0.4511102204900551
2009-10-16,-304.16794678729326,0.44944810467803153
2009-10-17,-848.7215002286408,0.32091307764948473
2009-10-18,-1141.4655753020056,0.2518145154158721
2009-10-19,-269.36202255164056,0.45766360595262756
2009-10-20,-85.5179384277204,0.501057693040247
2009-10-21,117.33599108487992,0.5489388153797735
2009-10-22,-135.32030162102402,0.4893024706958459
2009-10-23,-49.31230743080997,0.5096035775163728
2009-10-24,-903.5149188718055,0.30797977935076337
2009-10-25,-1169.1934636692963,0.24526969561217926
2009-10-26,-142.00034588775543,0.4877257301439753
2009-10-27,-56.68024100120067,0.5078644693338444
2009-10-28,-134.1865425628748,0.4895700802821982
2009-10-29,-85.43990003800738,0.5010761130220241
2009-10-30,-5.74508335264499,0.5198870735821988
2009-10-31,-777.759339419217,0.33766280446698826
2009-11-01,-926.777618286195,0.30248891131934663
2009-11-02,267.45514191641155,0.5843725555283661
2009-11-03,859.146724048783,0.724033922204471
2009-11-04,15.761999767094572,0.5249635504367359
2009-11-05,-110.63058905858146,0.49513016725844383
2009-11-06,-251.434020077354,0.4618952857718806
2009-11-07,-919.2208542969458,0.30427259055065126
2009-11-08,-1062.8113713653586,0.2703798524061754
2009-11-09,55.94104499609431,0.5344473094386812
2009-11-10,166.6538558376985,0.5605796779523038
2009-11-11,251.73848404276808,0.5806628358289522
2009-11-12,498.753650395536,0.6389676634863366
2009-11-13,-12.440453323660233,0.5183067155903135
2009-11-14,-537.3609395090207,0.394405827508164
2009-11-15,-735.1020078534929,0.34773153183294897
2009-11-16,918.6217432053038,0.7380722535063163
2009-11-17,85.54322423207046,0.5414345320619743
2009-11-18,161.20159368364477,0.5592927399479345
2009-11-19,1071.091650853018,0.7740608602772936
2009-11-20,1673.0171876213583,0.9161378234129759
2009-11-21,465.90801341940295,0.631214863399335
2009-11-22,692.2385356471665,0.6846373405975561
2009-11-23,69.99772909780631,0.5377652131774912
2009-11-24,-108.85019424516364,0.49555040709347553
2009-11-25,529.6502460186349,0.6462604168407279
2009-11-26,805.0820717459419,0.7112726400475213
2009-11-27,859.0766848055125,0.7240173903207474
2009-11-28,260.8494429665977,0.5828133632548219
2009-11-29,-622.9441009462774,0.3742049971233319
2009-11-30,-151.74088299224658,0.48542659869567933
2009-12-01,-345.3972026982019,0.43971645663462877
2009-12-02,-285.7024779512675,0.45380664668172266
2009-12-03,-8.22734483989515,0.5193011669338273
2009-12-04,-66.65448284422084,0.505510174817208
2009-12-05,-620.0316295773789,0.3748924494110921
2009-12-06,-798.2515311829187,0.33282587997062607
2009-12-07,673.5356218621033,0.6802227526958089
2009-12-08,813.6955613039532,0.7133057460775021
2009-12-09,199.45971045581717,0.5683230879133383
2009-12-10,333.0332210804602,0.5998514374942682
2009-12-11,2.176084096331836,0.5217567656734865
2009-12-12,-525.6796068957889,0.39716305936108753
2009-12-13,-690.2109823281611,0.3583274946042381
2009-12-14,-320.713352143104,0.4455427695440162
2009-12-15,286.7660490498356,0.5889306526239675
2009-12-16,889.0478127649955,0.7310916986564528
2009-12-17,1566.2419655908514,0.8909348732844933
2009-12-18,169.04220290807228,0.5611434172820796
2009-12-19,-665.5304122844938,0.3641530331901035
2009-12-20,-1454.0924994853117,0.17802285636634435
2009-12-21,-222.0348919478805,0.46883458073168216
2009-12-22,710.6245149912978,0.6889771201050252
2009-12-23,775.1406127757953,0.7042053347041242
2009-12-24,402.6157189541886,0.6162755122035277
2009-12-25,-1639.6247056154184,0.1342303092809497
2009-12-26,-1876.734653101925,0.07826348413342449
2009-12-27,-1585.2527302838585,0.14706413117903833
2009-12-28,-1194.8843264808522,0.23920569010711612
2009-12-29,-780.4076606735254,0.3370377014962123
2009-12-30,-759.078273611377,0.3420722354281094
2009-12-31,-661.9805790510316,0.3649909267411169
2010-01-01,-1215.537241896163,0.23433082881138279
2010-01-02,-1087.6054718946311,0.2645275163750566
2010-01-03,-1685.5612245117563,0.1233875709301952
2010-01-04,-805.5008593859995,0.33111476709543997
2010-01-05,190.4350691104858,0.5661929346677769
2010-01-06,379.45701222678935,0.6108091903397901
2010-01-07,59.5970096652425,0.5353102539821419
2010-01-08,-81.62817963902963,0.501975821749314
2010-01-09,-5.681659046484666,0.5199020440930973
2010-01-10,-322.52396572571774,0.44511539694804514
2010-01-11,207.33260112140368,0.5701813848762337
2010-01-12,1629.398190635991,0.905842107002641
2010-01-13,936.9246276189252,0.7423924194990603
2010-01-14,366.340765752144,0.6077132650915249
2010-01-15,447.67589006572496,0.6269113996660748
2010-01-16,-304.6412377027922,0.44933639030167394
2010-01-17,-1137.014032719072,0.2528652461339074
2010-01-18,-565.8765403684382,0.38767507806389423
2010-01-19,-81.7412740589593,0.5019491272318867
2010-01-20,501.24629468483175,0.6395560208647293
2010-01-21,1422.5686889651788,0.8570226007859358
2010-01-22,2028.3090276397784,1.0
2010-01-23,1187.559015200752,0.8015515188723475
2010-01-24,-342.3634769266821,0.44043252950124634
2010-01-25,170.81490533422826,0.5615618414257099
2010-01-26,258.5918835233493,0.5822804947018161
2010-01-27,856.6706999518437,0.7234494878137446
2010-01-28,720.7286734625338,0.6913620798100782
2010-01-29,683.4352115695026,0.6825594265134174
2010-01-30,-147.7821025646203,0.48636101909574714
2010-01-31,-148.59944097423212,0.4861680966294314
2010-02-01,730.1328056148135,0.6935818070944462
2010-02-02,832.4761623378891,0.7177386710786413
2010-02-03,826.4715443020106,0.716321356405621
2010-02-04,955.3003388758532,0.7467297753535059
2010-02-05,1231.6861244359925,0.8119671687976844
2010-02-06,188.6680746026625,0.565775857806581
2010-02-07,-118.63038683638491,0.4932419154655857
2010-02-08,1001.76467171582,0.7576970975566321
2010-02-09,1154.6983098024966,0.7937951620735543
2010-02-10,992.7544673471016,0.7555703519780805
2010-02-11,971.600968311519,0.7505773342058077
2010-02-12,1073.3621889501992,0.7745967922785563
2010-02-13,-310.76823103532087,0.4478901904768387
2010-02-14,-684.0212509763605,0.3597885029505711
2010-02-15,424.0992336940665,0.621346426038003
2010-02-16,191.0816246952527,0.5663455459932163
2010-02-17,31.402927050373915,0.5286553948814244
2010-02-18,-51.46938845601912,0.5090944256319972
2010-02-19,39.0230545762438,0.5304540302797409
2010-02-20,-304.94248227675297,0.44926528530343907
2010-02-21,-380.3259177865363,0.4314719721214357
2010-02-22,1083.7929839210262,0.777058850426982
2010-02-23,864.3537173241741,0.7252629675704599
2010-02-24,184.39717760437745,0.5647677662100034
2010-02-25,67.01463244557651,0.5370610906786111
2010-02-26,-27.306545270153848,0.5147977612954129
2010-02-27,-314.4927179661834,0.4470110721140982
2010-02-28,-727.4760756911184,0.34953153734280973
2010-03-01,-405.2392327413706,0.4255914970224237
2010-03-02,-43.23580158694626,0.5110378604036008
2010-03-03,-27.5928175122429,0.5147301903280729
2010-03-04,-23.859034781367896,0.5156115028476568
2010-03-05,-88.243296145922,0.5004144065797003
2010-03-06,-468.4345387127247,0.41067503874247574
2010-03-07,-974.2006741921376,0.2912952945774752
2010-03-08,46.83332011083975,0.5322975453669996
2010-03-09,180.7889691831124,0.563916093929066
2010-03-10,-267.173284326742,0.4581802301213945
2010-03-11,-433.5363185602444,0.4189123253090583
2010-03-12,-429.9594878657596,0.41975659127167436
2010-03-13,-1055.6714681762323,0.2720651368811291
2010-03-14,-1469.4208329379117,0.17440479576939938
2010-03-15,-478.6287884772584,0.40826881411913163
2010-03-16,-48.59306299043893,0.5097733461332498
2010-03-17,-165.2164829882126,0.4822458525619679
2010-03-18,-124.7467214204606,0.4917982315044554
2010-03-19,101.16349644997888,0.5451215011378971
2010-03-20,-373.47398739447857,0.4330892842344044
2010-03-21,-520.7370054045045,0.3983296983670379
2010-03-22,-149.93217479921114,0.48585352154837097
2010-03-23,435.128227671657,0.6239496815489598
2010-03-24,323.25699312648464,0.5975438816692067
2010-03-25,248.6395842739599,0.5799313794588206
2010-03-26,526.9358506234628,0.645619717898852
2010-03-27,-367.9897507767488,0.43438376940934464
2010-03-28,-824.9986521348736,0.32651255799748125
2010-03-29,-74.1075056964996,0.5037509823783597
2010-03-30,178.52591766001223,0.5633819290395884
2010-03-31,-181.5280110241968,0.4783957212319408
2010-04-01,-355.06277847183577,0.43743501886701297
2010-04-02,-1276.3617572264095,0.2199739658865804
2010-04-03,-1174.7431360732642,0.24395976514173118
2010-04-04,-1745.857533258617,0.10915538453544771
2010-04-05,-1503.2945097492998,0.16640933979084066
2010-04-06,-422.87274158460457,0.4214293287261198
2010-04-07,-388.6582175118932,0.4295052374198797
2010-04-08,-377.5687527618477,0.43212276629719837
2010-04-09,-559.126253399289,0.38926839852346495
2010-04-10,-1433.9522236533403,0.18277671552687164
2010-04-11,-1621.8353653303511,0.13842925963195024
2010-04-12,-939.5643123475978,0.2994707727792495
2010-04-13,-622.6390853327925,0.3742769922280844
2010-04-14,-463.3769247467276,0.4118688249985954
2010-04-15,-447.5405744055104,0.41560679660171546
2010-04-16,-506.5747867235508,0.4016725122178278
2010-04-17,-1080.9937900708246,0.2660881208308655
2010-04-18,-1466.4859638736489,0.17509753475184897
2010-04-19,-566.2743332446453,0.387581184051502
2010-04-20,-197.91923966828816,0.4745267775743611
2010-04-21,-336.49278321239984,0.44181823302016177
2010-04-22,-331.0315919465307,0.4431072786292309
2010-04-23,-370.53405468106894,0.4337832184276388
2010-04-24,-1069.576163051889,0.26878310829023727
2010-04-25,-1504.0243676554308,0.1662370659986696
2010-04-26,-1428.954799287986,0.18395629478370434
2010-04-27,-244.36863793806288,0.4635629804889597
2010-04-28,-379.6194557848406,0.4316387236042031
2010-04-29,-335.36423719165555,0.4420846121345071
2010-04-30,-198.1195710611732,0.474479491865111
2010-05-01,-886.5461202298696,0.31198505115240655
2010-05-02,-1318.7110045364377,0.20997795793982593
2010-05-03,-514.5739180081333,0.39978441774232376
2010-05-04,-138.00554624631454,0.4886686524270847
2010-05-05,-293.608666891046,0.4519404900794103
2010-05-06,-203.85249963331736,0.4731263060777509
2010-05-07,-160.20024079467632,0.48342987353080247
2010-05-08,-756.0264154534594,0.3427925882168043
2010-05-09,-1288.4749843919055,0.21711479074892764
2010-05-10,-507.3648771218332,0.4014860213023679
2010-05-11,-23.76594844167092,0.5156334747090344
2010-05-12,140.36257566762703,0.5543739514706397
2010-05-13,162.42635458411613,0.5595818293762391
2010-05-14,120.59518698920276,0.5497081076394715
2010-05-15,-437.4163822157372,0.41799648501441783
2010-05-16,-871.5524954223763,0.31552410797741104
2010-05-17,-2.9781026456299697,0.5205401846264957
2010-05-18,462.01756795480384,0.6302965726090441
2010-05-19,252.2780972051617,0.5807902047387222
2010-05-20,202.66908635505516,0.569080620786545
2010-05-21,152.93764120180967,0.5573421377548121
2010-05-22,-286.8558803908186,0.4535344005218995
2010-05-23,-591.5328058541311,0.3816192388230797
2010-05-24,-18.487776774879197,0.5168793208403561
2010-05-25,345.96318753585007,0.6029033936835518
2010-05-26,348.87710213856155,0.6035911866285275
2010-05-27,235.08614306203825,0.5767322598837211
2010-05-28,133.75316035015246,0.5528138819951846
2010-05-29,-194.5695718102998,0.4753174246024492
2010-05-30,-607.8859147896435,0.3777592928439497
2010-05-31,101.8829780080614,0.545291325723432
2010-06-01,518.2562291498244,0.643571002260764
2010-06-02,373.8728503834756,0.6094911190703508
2010-06-03,296.523874563574,0.5912338647841343
2010-06-04,363.0253983432503,0.6069307142536529
2010-06-05,-251.96683069187952,0.46176952251809894
2010-06-06,-434.3878872988746,0.41871132320348986
2010-06-07,382.0980340368175,0.6114325703684204
2010-06-08,546.3963653456581,0.6502131279868025
2010-06-09,1070.203194410073,0.7738511512924087
2010-06-10,1116.6459068568065,0.7848133702732512
2010-06-11,1284.9955882281024,0.8245501981913843
2010-06-12,731.0837744903714,0.6938062713539312
2010-06-13,175.78712924812802,0.562735472432479
2010-06-14,250.82825944999516,0.5804479887456953
2010-06-15,1137.1808463911268,0.7896603848439818
2010-06-16,964.9077723298992,0.7489974893568152
2010-06-17,948.8071855191292,0.7451971480537065
2010-06-18,871.5161530652346,0.7269535705713025
2010-06-19,286.526612462033,0.5888741366245945
2010-06-20,-169.01313724119638,0.48134970000921834
2010-06-21,604.8621452913089,0.6640132410483524
2010-06-22,858.965688652348,0.723991191072837
2010-06-23,699.1005654122866,0.6862570365406943
2010-06-24,630.8196355589918,0.6701401806157556
2010-06-25,548.8146264963723,0.65078392815954
2010-06-26,9.411258123770615,0.52346453763328
2010-06-27,64.52111610860577,0.5364725274643172
2010-06-28,885.6464416029821,0.7302888477128118
2010-06-29,1500.7911114863234,0.8754860211960217
2010-06-30,1449.0695494537754,0.8632777960695865
2010-07-01,1192.5536339338466,0.8027304358949223
2010-07-02,1464.356389118187,0.8668860625789664
2010-07-03,636.6111741912451,0.6715072005716979
2010-07-04,70.17972931287773,0.5378081720424468
2010-07-05,879.2423329052605,0.728777238286423
2010-07-06,1299.3721662517348,0.8279436088727905
2010-07-07,1325.2265583532726,0.8340462134129255
2010-07-08,1199.56285785339,0.804384875169543
2010-07-09,854.1840115260173,0.7228625362421218
2010-07-10,102.33626259167951,0.5453983178564165
2010-07-11,-475.5708624921277,0.408990599142232
2010-07-12,328.0746828703081,0.5986810368259845
2010-07-13,545.5846015054015,0.6500215213275699
2010-07-14,412.3858272210346,0.6185816235533018
2010-07-15,700.6687378498657,0.6866271839492932
2010-07-16,913.4902568885492,0.7368610306095922
2010-07-17,228.58743634936243,0.575198321783996
2010-07-18,-276.0989561256503,0.456073437394269
2010-07-19,668.934171948875,0.6791366382352023
2010-07-20,1050.305535702231,0.7691545588569088
2010-07-21,1076.3619735364127,0.7753048537546628
2010-07-22,895.9941381351377,0.732731291518455
2010-07-23,647.411752129969,0.6740565413454467
2010-07-24,92.7026425143665,0.5431244228295731
2010-07-25,-338.87091274773803,0.4412569054112051
2010-07-26,614.8423948589298,0.6663689536129275
2010-07-27,895.406596488237,0.7325926096918696
2010-07-28,774.2638635561135,0.703998389062255
2010-07-29,551.3959199553535,0.6513932100610573
2010-07-30,280.20857926147346,0.587382844238255
2010-07-31,-417.3464214426842,0.4227337471884018
2010-08-01,-714.0393182859177,0.35270311517081027
2010-08-02,530.2479404486828,0.6464014951042624
2010-08-03,919.185783812664,0.7382053882076769
2010-08-04,598.2684368444465,0.6624568789824364
2010-08-05,669.6187375699868,0.6792982213523381
2010-08-06,682.1199605423039,0.6822489780271997
2010-08-07,108.53793426722432,0.5468621445662062
2010-08-08,-269.5815105588879,0.45761179856515266
2010-08-09,445.1352815332657,0.626311720930485
2010-08-10,911.0072343502154,0.7362749443246707
2010-08-11,477.6973752978962,0.6339975942035416
2010-08-12,503.74553534469305,0.6401459352335476
2010-08-13,291.61536029876163,0.5900752716398778
2010-08-14,-432.9899500282999,0.4190412887389675
2010-08-15,-1006.4440484236673,0.2836846510472837
2010-08-16,-301.644940176114,0.4500436287011726
2010-08-17,367.9230992895176,0.6080867550498755
2010-08-18,281.58882454318564,0.5877086338019624
2010-08-19,-296.97094508995417,0.4511468665387264
2010-08-20,-240.34380263189175,0.46451299231349896
2010-08-21,-547.0092207037662,0.3921284719086854
2010-08-22,-928.6955658692636,0.30203620388061786
2010-08-23,-96.45596803141642,0.49847590852729096
2010-08-24,17.49222385834007,0.5253719481029125
2010-08-25,-12.116486840055446,0.5183831838099465
2010-08-26,229.1758892611612,0.5753372187032155
2010-08-27,69.6164334391021,0.5376752131260955
2010-08-28,-428.383456172113,0.42012859375896056
2010-08-29,-924.8804122609135,0.302936722973861
2010-08-30,-353.441577750555,0.43781768293597667
2010-08-31,1.9265823708535252,0.5216978739247772
